experiment,model,architecture,variant,sample_id,base_id,true_label,predicted_label,fraud_score,predicted_signals,explanation,scenario,latency_ms
experiment_02_augmentation_robustness,Qwen/Qwen2.5-14B-Instruct,llm_checklist,original,seed_001_gen_01,seed_001_gen_01,fraud,fraud,0.95,bank_impersonation|sms_code_request,Оператор выдает себя за службу безопасности банка и просит клиента назвать код из СМС.,bank_security_call,2221.994
experiment_02_augmentation_robustness,Qwen/Qwen2.5-14B-Instruct,llm_checklist,original,seed_001_gen_02,seed_001_gen_02,fraud,fraud,0.95,bank_impersonation|sms_code_request|urgency,Оператор выдает себя за службу безопасности банка и требует немедленно назвать код из СМС для подтверждения перевода.,bank_security_call,2625.994
experiment_02_augmentation_robustness,Qwen/Qwen2.5-14B-Instruct,llm_checklist,original,seed_001_gen_03,seed_001_gen_03,fraud,fraud,0.95,bank_impersonation|sms_code_request|urgency,Оператор выдает себя за службу безопасности банка и требует немедленного подтверждения кода из СМС.,bank_security_call,2456.134
experiment_02_augmentation_robustness,Qwen/Qwen2.5-14B-Instruct,llm_checklist,original,seed_001_gen_04,seed_001_gen_04,fraud,fraud,0.95,bank_impersonation|sms_code_request,"Оператор выдает себя за службу безопасности банка и просит клиента подтвердить перевод, введя код из СМС.",bank_security_call,2361.674
experiment_02_augmentation_robustness,Qwen/Qwen2.5-14B-Instruct,llm_checklist,original,seed_001_gen_05,seed_001_gen_05,fraud,fraud,0.95,bank_impersonation|sms_code_request,Оператор выдает себя за службу безопасности банка и просит клиента назвать код из СМС.,bank_security_call,2200.835
experiment_02_augmentation_robustness,Qwen/Qwen2.5-14B-Instruct,llm_checklist,original,seed_001_gen_06,seed_001_gen_06,fraud,fraud,0.95,bank_impersonation|sms_code_request,Оператор выдает себя за службу безопасности банка и просит клиента назвать код из СМС.,bank_security_call,2204.118
experiment_02_augmentation_robustness,Qwen/Qwen2.5-14B-Instruct,llm_checklist,original,seed_002_gen_01,seed_002_gen_01,fraud,fraud,0.95,government_impersonation|sms_code_request|urgency,Оператор выдает себя за службу безопасности банка и требует код из СМС с использованием давления по времени.,fake_loan_application,2431.496
experiment_02_augmentation_robustness,Qwen/Qwen2.5-14B-Instruct,llm_checklist,original,seed_002_gen_02,seed_002_gen_02,fraud,fraud,0.95,bank_impersonation|sms_code_request|urgency,Оператор выдает себя за службу безопасности банка и требует код из СМС для подтверждения личности с использованием давления по времени.,fake_loan_application,2748.354
experiment_02_augmentation_robustness,Qwen/Qwen2.5-14B-Instruct,llm_checklist,original,seed_002_gen_03,seed_002_gen_03,fraud,fraud,0.95,government_impersonation|sms_code_request|urgency,Оператор выдает себя за службу безопасности банка и требует код из СМС с использованием давления по времени.,fake_loan_application,2445.464
experiment_02_augmentation_robustness,Qwen/Qwen2.5-14B-Instruct,llm_checklist,original,seed_002_gen_04,seed_002_gen_04,fraud,fraud,0.95,government_impersonation|sms_code_request,Оператор выдает себя за службу безопасности банка и просит клиента предоставить код из СМС для отмены операции.,fake_loan_application,2382.156
experiment_02_augmentation_robustness,Qwen/Qwen2.5-14B-Instruct,llm_checklist,original,seed_002_gen_05,seed_002_gen_05,fraud,fraud,0.95,bank_impersonation|sms_code_request|urgency,Оператор выдает себя за службу безопасности банка и требует код из СМС для срочной отмены операции.,fake_loan_application,2530.87
experiment_02_augmentation_robustness,Qwen/Qwen2.5-14B-Instruct,llm_checklist,original,seed_003_gen_01,seed_003_gen_01,fraud,fraud,0.95,bank_impersonation|sms_code_request|urgency,Оператор выдает себя за службу безопасности банка и требует код из СМС для отмены якобы нежелательного перевода.,safe_account_transfer,2737.955
experiment_02_augmentation_robustness,Qwen/Qwen2.5-14B-Instruct,llm_checklist,original,seed_003_gen_02,seed_003_gen_02,fraud,fraud,0.95,bank_impersonation|urgency|safe_account_transfer|secrecy,"Оператор выдает себя за службу безопасности банка, создает чувство срочности, просит перевести деньги на безопасный счет и сохранить разговор в тайне.",safe_account_transfer,2921.656
experiment_02_augmentation_robustness,Qwen/Qwen2.5-14B-Instruct,llm_checklist,original,seed_003_gen_03,seed_003_gen_03,fraud,fraud,0.95,bank_impersonation|pressure|safe_account_transfer|do_not_hang_up,"Оператор выдает себя за службу безопасности банка, использует давление по времени и запрещает клиенту прерывать разговор для проверки информации.",safe_account_transfer,2820.768
experiment_02_augmentation_robustness,Qwen/Qwen2.5-14B-Instruct,llm_checklist,original,seed_003_gen_04,seed_003_gen_04,fraud,suspicious,0.65,bank_impersonation|pressure,Оператор выдает себя за службу безопасности банка и создает ощущение срочности ситуации.,safe_account_transfer,2132.831
experiment_02_augmentation_robustness,Qwen/Qwen2.5-14B-Instruct,llm_checklist,original,seed_004_gen_01,seed_004_gen_01,fraud,fraud,0.95,government_impersonation|secrecy|do_not_hang_up,"Имитация сотрудника правоохранительных органов, просьба не отключать звонок и дальнейшие действия, направленные на скрытие информации от третьих лиц.",fake_police_call,2949.367
experiment_02_augmentation_robustness,Qwen/Qwen2.5-14B-Instruct,llm_checklist,original,seed_004_gen_02,seed_004_gen_02,fraud,suspicious,0.65,government_impersonation|pressure,Имитация сотрудника государственного органа и давление на клиента для получения информации.,fake_police_call,1983.323
experiment_02_augmentation_robustness,Qwen/Qwen2.5-14B-Instruct,llm_checklist,original,seed_004_gen_03,seed_004_gen_03,fraud,fraud,0.95,government_impersonation|urgency|secrecy,"Имитация сотрудника правоохранительных органов, создание срочности и требование сохранить разговор в тайне.",fake_police_call,2513.837
experiment_02_augmentation_robustness,Qwen/Qwen2.5-14B-Instruct,llm_checklist,original,seed_004_gen_04,seed_004_gen_04,fraud,fraud,0.95,government_impersonation|sms_code_request|pressure,"Имитация сотрудника ФСБ, прямая просьба предоставить код из СМС и давление на собеседника.",fake_police_call,2509.75
experiment_02_augmentation_robustness,Qwen/Qwen2.5-14B-Instruct,llm_checklist,original,seed_005_gen_01,seed_005_gen_01,fraud,fraud,0.95,pressure|police_impersonation|safe_account_transfer|secrecy|do_not_hang_up,"Присутствуют элементы давления, выдача себя за представителя правоохранительных органов, просьба немедленно перевести деньги на указанный счет, требование сохранить разговор в тайне.",relative_emergency,3567.347
experiment_02_augmentation_robustness,Qwen/Qwen2.5-14B-Instruct,llm_checklist,original,seed_005_gen_02,seed_005_gen_02,fraud,fraud,0.95,bank_impersonation|sms_code_request|urgency,"Оператор выдает себя за службу безопасности банка и просит клиента передать код из СМС для отмены перевода, что является типичным признаком мошенничества.",relative_emergency,2888.754
experiment_02_augmentation_robustness,Qwen/Qwen2.5-14B-Instruct,llm_checklist,original,seed_005_gen_03,seed_005_gen_03,fraud,fraud,0.95,bank_impersonation|urgency|sms_code_request,"Оператор выдает себя за службу безопасности банка, создает чувство срочности и просит код из СМС.",relative_emergency,2459.066
experiment_02_augmentation_robustness,Qwen/Qwen2.5-14B-Instruct,llm_checklist,original,seed_005_gen_04,seed_005_gen_04,fraud,fraud,0.95,bank_impersonation|urgency|sms_code_request|safe_account_transfer,"Оператор выдает себя за службу безопасности банка, использует давление по времени и просит передать номер карты и код из СМС для перевода денег на безопасный счет.",relative_emergency,2982.964
experiment_02_augmentation_robustness,Qwen/Qwen2.5-14B-Instruct,llm_checklist,original,seed_006_gen_01,seed_006_gen_01,fraud,fraud,0.95,remote_access_app|bank_impersonation|urgency,"Оператор выдает себя за службу безопасности банка и требует установки приложения для удаленного доступа, что является типичным признаком мошенничества.",fake_support_app_install,2732.191
experiment_02_augmentation_robustness,Qwen/Qwen2.5-14B-Instruct,llm_checklist,original,seed_006_gen_02,seed_006_gen_02,fraud,fraud,0.95,remote_access_app|bank_impersonation,Оператор выдает себя за службу поддержки банка и просит клиента установить сервисное приложение для удаленного доступа к устройству.,fake_support_app_install,2534.676
experiment_02_augmentation_robustness,Qwen/Qwen2.5-14B-Instruct,llm_checklist,original,seed_006_gen_03,seed_006_gen_03,fraud,suspicious,0.6,remote_access_app|trust_building,Запрос на установку обновления и предоставление доступа к аккаунту может быть использован для мошенничества.,fake_support_app_install,2283.494
experiment_02_augmentation_robustness,Qwen/Qwen2.5-14B-Instruct,llm_checklist,original,seed_006_gen_04,seed_006_gen_04,fraud,fraud,0.95,remote_access_app|secrecy,Предложение установить специальное приложение для доступа к устройству и отсутствие конкретной информации о действиях указывают на попытку получения удаленного доступа.,fake_support_app_install,2600.276
experiment_02_augmentation_robustness,Qwen/Qwen2.5-14B-Instruct,llm_checklist,original,seed_007_gen_01,seed_007_gen_01,fraud,fraud,0.95,government_impersonation|sms_code_request,Имитация сотрудника госоргана и просьба предоставить код из СМС.,government_service_impersonation,2118.369
experiment_02_augmentation_robustness,Qwen/Qwen2.5-14B-Instruct,llm_checklist,original,seed_007_gen_02,seed_007_gen_02,fraud,fraud,0.95,government_impersonation|sms_code_request,Имитация сотрудника госоргана и просьба назвать код из СМС.,government_service_impersonation,2154.776
experiment_02_augmentation_robustness,Qwen/Qwen2.5-14B-Instruct,llm_checklist,original,seed_007_gen_03,seed_007_gen_03,fraud,fraud,0.95,government_impersonation|sms_code_request,Имитация сотрудника госоргана и просьба назвать код из СМС.,government_service_impersonation,2129.698
experiment_02_augmentation_robustness,Qwen/Qwen2.5-14B-Instruct,llm_checklist,original,seed_007_gen_04,seed_007_gen_04,fraud,fraud,0.95,government_impersonation|sms_code_request,Имитация сотрудника госоргана и просьба предоставить код из СМС.,government_service_impersonation,2435.924
experiment_02_augmentation_robustness,Qwen/Qwen2.5-14B-Instruct,llm_checklist,original,seed_008_gen_01,seed_008_gen_01,fraud,fraud,0.95,card_data_request|urgency,Запрос на предоставление данных карты и использование стратегии ограниченного времени.,investment_scam,2042.289
experiment_02_augmentation_robustness,Qwen/Qwen2.5-14B-Instruct,llm_checklist,original,seed_008_gen_02,seed_008_gen_02,fraud,suspicious,0.6,secrecy|loan_fraud,Обсуждается быстрый доход и необходимость предоставления личных данных.,investment_scam,2033.604
experiment_02_augmentation_robustness,Qwen/Qwen2.5-14B-Instruct,llm_checklist,original,seed_008_gen_03,seed_008_gen_03,fraud,fraud,0.95,urgency|loan_fraud|safe_account_transfer,Присутствуют элементы давления по времени и прямой запрос на перевод денег на специальный счет.,investment_scam,2408.786
experiment_02_augmentation_robustness,Qwen/Qwen2.5-14B-Instruct,llm_checklist,original,seed_008_gen_04,seed_008_gen_04,fraud,suspicious,0.65,urgency|pressure,Присутствуют элементы давления и ограничения времени для принятия решения.,investment_scam,1923.702
experiment_02_augmentation_robustness,Qwen/Qwen2.5-14B-Instruct,llm_checklist,original,seed_009_gen_01,seed_009_gen_01,suspicious,fraud,0.9,sms_code_request,Запрос на предоставление кода из СМС указывает на потенциальное мошенничество.,fake_delivery,1943.223
experiment_02_augmentation_robustness,Qwen/Qwen2.5-14B-Instruct,llm_checklist,original,seed_009_gen_02,seed_009_gen_02,suspicious,fraud,0.9,sms_code_request,"Оператор просит клиента отправить SMS с кодом, что может быть использовано для мошеннических целей.",fake_delivery,2132.664
experiment_02_augmentation_robustness,Qwen/Qwen2.5-14B-Instruct,llm_checklist,original,seed_009_gen_03,seed_009_gen_03,suspicious,fraud,0.9,sms_code_request,"Оператор просит клиента ввести код из СМС для подтверждения получения товара, что может быть использовано для мошеннических целей.",fake_delivery,2635.839
experiment_02_augmentation_robustness,Qwen/Qwen2.5-14B-Instruct,llm_checklist,original,seed_009_gen_04,seed_009_gen_04,suspicious,fraud,0.95,sms_code_request,"Оператор просит клиента предоставить код из СМС для проверки ситуации, что является типичным признаком мошенничества.",fake_delivery,2322.843
experiment_02_augmentation_robustness,Qwen/Qwen2.5-14B-Instruct,llm_checklist,original,seed_009_gen_05,seed_009_gen_05,suspicious,fraud,0.95,sms_code_request|pressure,Запрос на предоставление кода из СМС и давление по времени.,fake_delivery,1871.615
experiment_02_augmentation_robustness,Qwen/Qwen2.5-14B-Instruct,llm_checklist,original,seed_009_gen_06,seed_009_gen_06,suspicious,fraud,0.95,sms_code_request|pressure,"Оператор просит клиента продиктовать код из СМС для отмены доставки, что является прямым запросом критически важной информации. Также наблюдается давление по времени.",fake_delivery,2740.441
experiment_02_augmentation_robustness,Qwen/Qwen2.5-14B-Instruct,llm_checklist,original,seed_010_gen_01,seed_010_gen_01,suspicious,suspicious,0.45,government_impersonation|secrecy,"Оператор пытается представиться службой поддержки оператора и требует подтверждения номера, что может быть попыткой сбора информации.",phone_number_extension,2578.802
experiment_02_augmentation_robustness,Qwen/Qwen2.5-14B-Instruct,llm_checklist,original,seed_010_gen_02,seed_010_gen_02,suspicious,fraud,0.95,sms_code_request|pressure,Оператор требует код из СМС и угрожает блокировкой номера.,phone_number_extension,2024.067
experiment_02_augmentation_robustness,Qwen/Qwen2.5-14B-Instruct,llm_checklist,original,seed_010_gen_03,seed_010_gen_03,suspicious,suspicious,0.45,government_impersonation|secrecy,"Имитация службы поддержки оператора связи, попытка скрыть информацию о продлении услуги.",phone_number_extension,2272.308
experiment_02_augmentation_robustness,Qwen/Qwen2.5-14B-Instruct,llm_checklist,original,seed_010_gen_04,seed_010_gen_04,suspicious,fraud,0.95,sms_code_request|bank_impersonation,Оператор пытается получить код из СМС и выдает себя за службу поддержки оператора.,phone_number_extension,2206.988
experiment_02_augmentation_robustness,Qwen/Qwen2.5-14B-Instruct,llm_checklist,original,seed_010_gen_05,seed_010_gen_05,suspicious,suspicious,0.45,government_impersonation|instruction_to_lie,Оператор выдает себя за службу поддержки оператора и предлагает клиенту действовать против своих интересов.,phone_number_extension,2231.35
experiment_02_augmentation_robustness,Qwen/Qwen2.5-14B-Instruct,llm_checklist,original,seed_011_gen_01,seed_011_gen_01,suspicious,suspicious,0.45,phishing_link,"Присутствует просьба перейти по ссылке, что может быть признаком фишинга.",voting_link_phishing,2021.545
experiment_02_augmentation_robustness,Qwen/Qwen2.5-14B-Instruct,llm_checklist,original,seed_011_gen_02,seed_011_gen_02,suspicious,safe,0.0,,Диалог не содержит явных признаков мошенничества.,voting_link_phishing,1549.825
experiment_02_augmentation_robustness,Qwen/Qwen2.5-14B-Instruct,llm_checklist,original,seed_011_gen_03,seed_011_gen_03,suspicious,suspicious,0.45,phishing_link,Предложение клиента перейти по ссылке может быть попыткой фишинга.,voting_link_phishing,1930.787
experiment_02_augmentation_robustness,Qwen/Qwen2.5-14B-Instruct,llm_checklist,original,seed_011_gen_04,seed_011_gen_04,suspicious,suspicious,0.45,phishing_link,Предложение клиента перейти по ссылке может быть попыткой фишинга.,voting_link_phishing,1950.122
experiment_02_augmentation_robustness,Qwen/Qwen2.5-14B-Instruct,llm_checklist,original,seed_011_gen_05,seed_011_gen_05,suspicious,safe,0.2,urgency,"Наблюдается давление по времени, но нет прямого вредоносного действия.",voting_link_phishing,1768.907
experiment_02_augmentation_robustness,Qwen/Qwen2.5-14B-Instruct,llm_checklist,original,seed_012_gen_01,seed_012_gen_01,suspicious,suspicious,0.45,phishing_link,"Обнаружена просьба проверить ссылку из письма, что может быть признаком фишинга.",marketplace_refund,2077.386
experiment_02_augmentation_robustness,Qwen/Qwen2.5-14B-Instruct,llm_checklist,original,seed_012_gen_02,seed_012_gen_02,suspicious,suspicious,0.45,trust_building,"Обращение содержит элементы доверительного общения, но отсутствуют явные признаки мошенничества.",marketplace_refund,2143.509
experiment_02_augmentation_robustness,Qwen/Qwen2.5-14B-Instruct,llm_checklist,original,seed_012_gen_03,seed_012_gen_03,suspicious,suspicious,0.45,phishing_link,"Оператор предлагает клиенту перейти по ссылке для подтверждения покупки, что может быть признаком фишинга.",marketplace_refund,2148.362
experiment_02_augmentation_robustness,Qwen/Qwen2.5-14B-Instruct,llm_checklist,original,seed_012_gen_04,seed_012_gen_04,suspicious,suspicious,0.45,phishing_link,Запрос на предоставление ссылки на платеж может быть использован для фишинга.,marketplace_refund,1865.621
experiment_02_augmentation_robustness,Qwen/Qwen2.5-14B-Instruct,llm_checklist,original,seed_013_gen_01,seed_013_gen_01,safe,safe,0.0,,диалог не содержит сигналов мошенничества,family_logistics,1498.499
experiment_02_augmentation_robustness,Qwen/Qwen2.5-14B-Instruct,llm_checklist,original,seed_013_gen_02,seed_013_gen_02,safe,safe,0.0,,Диалог не содержит сигналов мошенничества.,family_logistics,1463.997
experiment_02_augmentation_robustness,Qwen/Qwen2.5-14B-Instruct,llm_checklist,original,seed_013_gen_03,seed_013_gen_03,safe,safe,0.0,,Диалог не содержит сигналов мошенничества.,family_logistics,1461.844
experiment_02_augmentation_robustness,Qwen/Qwen2.5-14B-Instruct,llm_checklist,original,seed_013_gen_04,seed_013_gen_04,safe,safe,0.0,,Диалог не содержит сигналов мошенничества.,family_logistics,1467.57
experiment_02_augmentation_robustness,Qwen/Qwen2.5-14B-Instruct,llm_checklist,original,seed_013_gen_05,seed_013_gen_05,safe,safe,0.0,,Диалог не содержит сигналов мошенничества.,family_logistics,1459.564
experiment_02_augmentation_robustness,Qwen/Qwen2.5-14B-Instruct,llm_checklist,original,seed_013_gen_06,seed_013_gen_06,safe,safe,0.0,,Диалог не содержит сигналов мошенничества.,family_logistics,1457.148
experiment_02_augmentation_robustness,Qwen/Qwen2.5-14B-Instruct,llm_checklist,original,seed_013_gen_07,seed_013_gen_07,safe,safe,0.0,,диалог не содержит сигналов мошенничества,family_logistics,1427.032
experiment_02_augmentation_robustness,Qwen/Qwen2.5-14B-Instruct,llm_checklist,original,seed_013_gen_08,seed_013_gen_08,safe,safe,0.0,,Диалог не содержит сигналов мошенничества.,family_logistics,1458.109
experiment_02_augmentation_robustness,Qwen/Qwen2.5-14B-Instruct,llm_checklist,original,seed_014_gen_01,seed_014_gen_01,safe,safe,0.0,,Запрос на запись на прием к врачу не содержит сигналов мошенничества.,doctor_appointment,1674.361
experiment_02_augmentation_robustness,Qwen/Qwen2.5-14B-Instruct,llm_checklist,original,seed_014_gen_02,seed_014_gen_02,safe,safe,0.0,,диалог не содержит сигналов мошенничества,doctor_appointment,1445.779
experiment_02_augmentation_robustness,Qwen/Qwen2.5-14B-Instruct,llm_checklist,original,seed_014_gen_03,seed_014_gen_03,safe,safe,0.0,,Нет сигналов мошенничества.,doctor_appointment,1342.474
experiment_02_augmentation_robustness,Qwen/Qwen2.5-14B-Instruct,llm_checklist,original,seed_014_gen_05,seed_014_gen_05,safe,safe,0.0,,Нет сигналов мошенничества.,doctor_appointment,1342.131
experiment_02_augmentation_robustness,Qwen/Qwen2.5-14B-Instruct,llm_checklist,original,seed_015_gen_02,seed_015_gen_02,safe,safe,0.0,,Запрос на информацию о графике работы отделения банка не содержит признаков мошенничества.,bank_office_info,1775.109
experiment_02_augmentation_robustness,Qwen/Qwen2.5-14B-Instruct,llm_checklist,original,seed_015_gen_05,seed_015_gen_05,safe,safe,0.0,,Диалог не содержит сигналов мошенничества.,bank_office_info,1516.447
experiment_02_augmentation_robustness,Qwen/Qwen2.5-14B-Instruct,llm_checklist,original,seed_015_gen_07,seed_015_gen_07,safe,safe,0.0,,Диалог не содержит сигналов мошенничества.,bank_office_info,1449.72
experiment_02_augmentation_robustness,Qwen/Qwen2.5-14B-Instruct,llm_checklist,paraphrase,seed_001_gen_01_paraphrase,seed_001_gen_01,fraud,fraud,0.95,bank_impersonation|sms_code_request,Оператор выдает себя за службу безопасности банка и просит клиента назвать код из СМС.,bank_security_call,2163.765
experiment_02_augmentation_robustness,Qwen/Qwen2.5-14B-Instruct,llm_checklist,paraphrase,seed_001_gen_02_paraphrase,seed_001_gen_02,fraud,fraud,0.95,bank_impersonation|sms_code_request,Оператор выдает себя за службу безопасности банка и просит клиента назвать код из СМС.,bank_security_call,2172.821
experiment_02_augmentation_robustness,Qwen/Qwen2.5-14B-Instruct,llm_checklist,paraphrase,seed_001_gen_03_paraphrase,seed_001_gen_03,fraud,fraud,0.95,bank_impersonation|sms_code_request|pressure,"Оператор выдает себя за службу безопасности банка и требует код из СМС, создавая давление.",bank_security_call,2313.753
experiment_02_augmentation_robustness,Qwen/Qwen2.5-14B-Instruct,llm_checklist,paraphrase,seed_001_gen_04_paraphrase,seed_001_gen_04,fraud,fraud,0.95,bank_impersonation|sms_code_request,Оператор выдает себя за службу безопасности банка и просит клиента назвать код из СМС.,bank_security_call,2185.699
experiment_02_augmentation_robustness,Qwen/Qwen2.5-14B-Instruct,llm_checklist,paraphrase,seed_001_gen_05_paraphrase,seed_001_gen_05,fraud,fraud,0.95,bank_impersonation|sms_code_request,Оператор выдает себя за службу безопасности банка и просит клиента назвать код из СМС.,bank_security_call,2193.058
experiment_02_augmentation_robustness,Qwen/Qwen2.5-14B-Instruct,llm_checklist,paraphrase,seed_001_gen_06_paraphrase,seed_001_gen_06,fraud,fraud,0.95,bank_impersonation|sms_code_request,Оператор выдает себя за службу безопасности банка и просит клиента назвать код из СМС.,bank_security_call,2176.229
experiment_02_augmentation_robustness,Qwen/Qwen2.5-14B-Instruct,llm_checklist,paraphrase,seed_002_gen_01_paraphrase,seed_002_gen_01,fraud,fraud,0.95,bank_impersonation|sms_code_request|urgency,"Оператор выдает себя за службу безопасности банка и требует код из СМС для подтверждения, создавая ощущение срочности.",fake_loan_application,2667.499
experiment_02_augmentation_robustness,Qwen/Qwen2.5-14B-Instruct,llm_checklist,paraphrase,seed_002_gen_02_paraphrase,seed_002_gen_02,fraud,fraud,0.95,loan_fraud|sms_code_request|pressure,"Оператор выдает себя за службу безопасности банка и требует подтверждения личности через код из СМС, что является типичным признаком мошенничества.",fake_loan_application,2731.344
experiment_02_augmentation_robustness,Qwen/Qwen2.5-14B-Instruct,llm_checklist,paraphrase,seed_002_gen_03_paraphrase,seed_002_gen_03,fraud,fraud,0.95,bank_impersonation|sms_code_request|urgency,"Оператор выдает себя за службу безопасности банка и требует код из СМС для подтверждения, создавая ощущение срочности.",fake_loan_application,2668.62
experiment_02_augmentation_robustness,Qwen/Qwen2.5-14B-Instruct,llm_checklist,paraphrase,seed_002_gen_04_paraphrase,seed_002_gen_04,fraud,fraud,0.95,government_impersonation|sms_code_request,Оператор выдает себя за службу безопасности банка и просит клиента предоставить код из СМС для аннулирования операции.,fake_loan_application,2386.395
experiment_02_augmentation_robustness,Qwen/Qwen2.5-14B-Instruct,llm_checklist,paraphrase,seed_002_gen_05_paraphrase,seed_002_gen_05,fraud,fraud,0.95,bank_impersonation|sms_code_request|urgency,Оператор выдает себя за службу безопасности банка и требует код из СМС для аннулирования якобы одобренной заявки на кредит.,fake_loan_application,2759.236
experiment_02_augmentation_robustness,Qwen/Qwen2.5-14B-Instruct,llm_checklist,paraphrase,seed_003_gen_01_paraphrase,seed_003_gen_01,fraud,fraud,0.95,bank_impersonation|sms_code_request,Оператор выдает себя за службу безопасности банка и просит клиента назвать код из СМС для прекращения якобы незаконного перевода.,safe_account_transfer,2679.284
experiment_02_augmentation_robustness,Qwen/Qwen2.5-14B-Instruct,llm_checklist,paraphrase,seed_003_gen_02_paraphrase,seed_003_gen_02,fraud,fraud,0.95,bank_impersonation|pressure|safe_account_transfer|secrecy,"Оператор выдает себя за службу безопасности банка, использует давление по времени и требует перевод денег на 'безопасный' счет, просит сохранить разговор в тайне.",safe_account_transfer,3013.48
experiment_02_augmentation_robustness,Qwen/Qwen2.5-14B-Instruct,llm_checklist,paraphrase,seed_003_gen_03_paraphrase,seed_003_gen_03,fraud,fraud,0.95,bank_impersonation|pressure|safe_account_transfer|do_not_hang_up,"Оператор выдает себя за службу безопасности банка, создает чувство срочности, требует перевести деньги на 'безопасный' счет и просит не прерывать разговор.",safe_account_transfer,3075.109
experiment_02_augmentation_robustness,Qwen/Qwen2.5-14B-Instruct,llm_checklist,paraphrase,seed_003_gen_04_paraphrase,seed_003_gen_04,fraud,suspicious,0.65,bank_impersonation|urgency,"Оператор выдает себя за службу безопасности банка и сообщает о попытке несанкционированного перевода, что может быть попыткой давления.",safe_account_transfer,2583.496
experiment_02_augmentation_robustness,Qwen/Qwen2.5-14B-Instruct,llm_checklist,paraphrase,seed_004_gen_01_paraphrase,seed_004_gen_01,fraud,fraud,0.95,government_impersonation|instruction_to_lie|secrecy,"Имитация сотрудника ФСБ, попытка заставить клиента лгать и требование сохранить разговор в тайне.",fake_police_call,2606.79
experiment_02_augmentation_robustness,Qwen/Qwen2.5-14B-Instruct,llm_checklist,paraphrase,seed_004_gen_02_paraphrase,seed_004_gen_02,fraud,fraud,0.95,government_impersonation|pressure,Имитация сотрудника ФСБ и давление на клиента для получения информации.,fake_police_call,1920.824
experiment_02_augmentation_robustness,Qwen/Qwen2.5-14B-Instruct,llm_checklist,paraphrase,seed_004_gen_03_paraphrase,seed_004_gen_03,fraud,fraud,0.95,government_impersonation|pressure,Имитация сотрудника ФСБ и использование давления для немедленного получения информации.,fake_police_call,2013.406
experiment_02_augmentation_robustness,Qwen/Qwen2.5-14B-Instruct,llm_checklist,paraphrase,seed_004_gen_04_paraphrase,seed_004_gen_04,fraud,fraud,0.95,government_impersonation|sms_code_request,Имитация сотрудника ФСБ и просьба предоставить код из СМС.,fake_police_call,2054.519
experiment_02_augmentation_robustness,Qwen/Qwen2.5-14B-Instruct,llm_checklist,paraphrase,seed_005_gen_01_paraphrase,seed_005_gen_01,fraud,fraud,0.95,police_impersonation|pressure|safe_account_transfer|secrecy|do_not_hang_up,"Имитация полиции, давление на клиента, требование перевести деньги на безопасный счет, настоятельная просьба не сообщать о происходящем другим людям.",relative_emergency,3242.049
experiment_02_augmentation_robustness,Qwen/Qwen2.5-14B-Instruct,llm_checklist,paraphrase,seed_005_gen_02_paraphrase,seed_005_gen_02,fraud,fraud,0.95,bank_impersonation|sms_code_request|pressure,"Оператор выдает себя за службу безопасности банка, требует ввести код из СМС и создаёт ощущение срочности.",relative_emergency,2522.112
experiment_02_augmentation_robustness,Qwen/Qwen2.5-14B-Instruct,llm_checklist,paraphrase,seed_005_gen_03_paraphrase,seed_005_gen_03,fraud,fraud,0.95,pressure|bank_impersonation|sms_code_request,"Оператор выдает себя за службу безопасности банка, создает чувство срочности и просит клиента передать код из СМС.",relative_emergency,2494.479
experiment_02_augmentation_robustness,Qwen/Qwen2.5-14B-Instruct,llm_checklist,paraphrase,seed_005_gen_04_paraphrase,seed_005_gen_04,fraud,fraud,0.95,urgency|bank_impersonation|sms_code_request|safe_account_transfer,"Оператор выдает себя за службу безопасности банка, создает чувство срочности, просит код из СМС и предлагает перевод на безопасный счет.",relative_emergency,2779.7
experiment_02_augmentation_robustness,Qwen/Qwen2.5-14B-Instruct,llm_checklist,paraphrase,seed_006_gen_01_paraphrase,seed_006_gen_01,fraud,fraud,0.95,remote_access_app|bank_impersonation|pressure,Оператор выдает себя за службу безопасности банка и оказывает давление на клиента для установки приложения удаленного доступа.,fake_support_app_install,2401.671
experiment_02_augmentation_robustness,Qwen/Qwen2.5-14B-Instruct,llm_checklist,paraphrase,seed_006_gen_02_paraphrase,seed_006_gen_02,fraud,fraud,0.95,remote_access_app|bank_impersonation,Оператор выдает себя за службу безопасности банка и просит клиента установить специальное приложение для удаленного доступа к устройству.,fake_support_app_install,2420.583
experiment_02_augmentation_robustness,Qwen/Qwen2.5-14B-Instruct,llm_checklist,paraphrase,seed_006_gen_03_paraphrase,seed_006_gen_03,fraud,suspicious,0.65,remote_access_app,Запрос на предоставление временного доступа к аккаунту может быть использован для мошенничества.,fake_support_app_install,2052.524
experiment_02_augmentation_robustness,Qwen/Qwen2.5-14B-Instruct,llm_checklist,paraphrase,seed_006_gen_04_paraphrase,seed_006_gen_04,fraud,fraud,0.9,remote_access_app|trust_building,"Оператор требует установки специализированного приложения для доступа к устройству клиента, что может быть использовано для мошенничества.",fake_support_app_install,2396.672
experiment_02_augmentation_robustness,Qwen/Qwen2.5-14B-Instruct,llm_checklist,paraphrase,seed_007_gen_01_paraphrase,seed_007_gen_01,fraud,fraud,0.95,government_impersonation|sms_code_request,Имитация сотрудника госучреждения и просьба предоставить код из СМС.,government_service_impersonation,2143.326
experiment_02_augmentation_robustness,Qwen/Qwen2.5-14B-Instruct,llm_checklist,paraphrase,seed_007_gen_02_paraphrase,seed_007_gen_02,fraud,fraud,0.95,government_impersonation|sms_code_request,Обнаружены признаки выдачи себя за представителя госоргана и прямой запрос на предоставление кода из СМС.,government_service_impersonation,2457.503
experiment_02_augmentation_robustness,Qwen/Qwen2.5-14B-Instruct,llm_checklist,paraphrase,seed_007_gen_03_paraphrase,seed_007_gen_03,fraud,fraud,0.95,government_impersonation|sms_code_request,Обнаружены признаки выдачи себя за представителя госоргана и прямой запрос на предоставление кода из СМС.,government_service_impersonation,2394.185
experiment_02_augmentation_robustness,Qwen/Qwen2.5-14B-Instruct,llm_checklist,paraphrase,seed_007_gen_04_paraphrase,seed_007_gen_04,fraud,fraud,0.95,government_impersonation|sms_code_request,Обнаружены признаки выдачи себя за представителя госоргана и прямой запрос на предоставление кода из СМС.,government_service_impersonation,2393.332
experiment_02_augmentation_robustness,Qwen/Qwen2.5-14B-Instruct,llm_checklist,paraphrase,seed_008_gen_01_paraphrase,seed_008_gen_01,fraud,fraud,0.95,card_data_request|loan_fraud,Запрос на предоставление данных банковской карты и предложение вложить средства указывают на вероятность мошенничества.,investment_scam,2306.577
experiment_02_augmentation_robustness,Qwen/Qwen2.5-14B-Instruct,llm_checklist,paraphrase,seed_008_gen_02_paraphrase,seed_008_gen_02,fraud,suspicious,0.45,secrecy,Запрос на предоставление личных данных может быть признаком мошенничества.,investment_scam,1883.681
experiment_02_augmentation_robustness,Qwen/Qwen2.5-14B-Instruct,llm_checklist,paraphrase,seed_008_gen_03_paraphrase,seed_008_gen_03,fraud,fraud,0.95,loan_fraud|pressure,Предложение высоких процентов с временным ограничением и требование перевода денег на неизвестный счет.,investment_scam,2143.819
experiment_02_augmentation_robustness,Qwen/Qwen2.5-14B-Instruct,llm_checklist,paraphrase,seed_008_gen_04_paraphrase,seed_008_gen_04,fraud,fraud,0.9,urgency|loan_fraud,Присутствуют элементы давления по времени и предложение вложить деньги под высокий процент.,investment_scam,2026.049
experiment_02_augmentation_robustness,Qwen/Qwen2.5-14B-Instruct,llm_checklist,paraphrase,seed_009_gen_01_paraphrase,seed_009_gen_01,suspicious,suspicious,0.6,sms_code_request,Запрос на предоставление кода из СМС может быть использован для мошеннических целей.,fake_delivery,2020.608
experiment_02_augmentation_robustness,Qwen/Qwen2.5-14B-Instruct,llm_checklist,paraphrase,seed_009_gen_02_paraphrase,seed_009_gen_02,suspicious,suspicious,0.65,sms_code_request,"Оператор просит клиента ввести код из СМС, что может быть сигналом мошенничества.",fake_delivery,2020.12
experiment_02_augmentation_robustness,Qwen/Qwen2.5-14B-Instruct,llm_checklist,paraphrase,seed_009_gen_03_paraphrase,seed_009_gen_03,suspicious,suspicious,0.45,sms_code_request,"Запрос на предоставление кода из СМС может быть использован для мошенничества, но в данном диалоге это может быть частью обычного процесса подтверждения доставки.",fake_delivery,2715.787
experiment_02_augmentation_robustness,Qwen/Qwen2.5-14B-Instruct,llm_checklist,paraphrase,seed_009_gen_04_paraphrase,seed_009_gen_04,suspicious,fraud,0.9,sms_code_request,"Оператор просит клиента предоставить код из СМС для проверки ситуации, что является типичным признаком мошенничества.",fake_delivery,2140.718
experiment_02_augmentation_robustness,Qwen/Qwen2.5-14B-Instruct,llm_checklist,paraphrase,seed_009_gen_05_paraphrase,seed_009_gen_05,suspicious,fraud,0.95,sms_code_request|pressure,Запрос на предоставление кода из СМС и использование давления для его получения.,fake_delivery,1925.807
experiment_02_augmentation_robustness,Qwen/Qwen2.5-14B-Instruct,llm_checklist,paraphrase,seed_009_gen_06_paraphrase,seed_009_gen_06,suspicious,fraud,0.95,sms_code_request|pressure,"Оператор требует чтение кода из СМС и создаёт давление, угрожая автоматической доставкой заказа.",fake_delivery,2255.518
experiment_02_augmentation_robustness,Qwen/Qwen2.5-14B-Instruct,llm_checklist,paraphrase,seed_010_gen_01_paraphrase,seed_010_gen_01,suspicious,suspicious,0.45,pressure|secrecy,"Обнаружены элементы давления и намеки на секретность, но отсутствуют явные признаки мошенничества.",phone_number_extension,2332.673
experiment_02_augmentation_robustness,Qwen/Qwen2.5-14B-Instruct,llm_checklist,paraphrase,seed_010_gen_02_paraphrase,seed_010_gen_02,suspicious,fraud,0.95,bank_impersonation|sms_code_request|pressure,"Оператор выдает себя за представителя компании и требует ввести код из СМС, используя давление по времени.",phone_number_extension,2356.279
experiment_02_augmentation_robustness,Qwen/Qwen2.5-14B-Instruct,llm_checklist,paraphrase,seed_010_gen_03_paraphrase,seed_010_gen_03,suspicious,suspicious,0.45,government_impersonation|secrecy,"Имитация звонка от службы техподдержки, что может быть использовано для дальнейшего мошенничества.",phone_number_extension,2490.653
experiment_02_augmentation_robustness,Qwen/Qwen2.5-14B-Instruct,llm_checklist,paraphrase,seed_010_gen_04_paraphrase,seed_010_gen_04,suspicious,fraud,0.95,sms_code_request|government_impersonation,Оператор выдает себя за службу техподдержки и требует ввести код из СМС для предотвращения некой операции.,phone_number_extension,2423.409
experiment_02_augmentation_robustness,Qwen/Qwen2.5-14B-Instruct,llm_checklist,paraphrase,seed_010_gen_05_paraphrase,seed_010_gen_05,suspicious,suspicious,0.45,instruction_to_lie,Инструкция по прекращению процесса через звонок на указанный номер может быть попыткой социальной инженерии.,phone_number_extension,2326.435
experiment_02_augmentation_robustness,Qwen/Qwen2.5-14B-Instruct,llm_checklist,paraphrase,seed_011_gen_01_paraphrase,seed_011_gen_01,suspicious,suspicious,0.45,phishing_link,"Обращение содержит неявную просьбу клиента перейти по ссылке, что может быть использовано для фишинга.",voting_link_phishing,2204.594
experiment_02_augmentation_robustness,Qwen/Qwen2.5-14B-Instruct,llm_checklist,paraphrase,seed_011_gen_02_paraphrase,seed_011_gen_02,suspicious,safe,0.0,,"Диалог не содержит сигналов мошенничества. Предложение о голосовании через ссылку может быть легитимным, если это подтверждается источником.",voting_link_phishing,2048.81
experiment_02_augmentation_robustness,Qwen/Qwen2.5-14B-Instruct,llm_checklist,paraphrase,seed_011_gen_03_paraphrase,seed_011_gen_03,suspicious,suspicious,0.45,phishing_link,"Обнаружена ссылка, которая может быть использована для фишинга.",voting_link_phishing,1820.069
experiment_02_augmentation_robustness,Qwen/Qwen2.5-14B-Instruct,llm_checklist,paraphrase,seed_011_gen_04_paraphrase,seed_011_gen_04,suspicious,suspicious,0.45,phishing_link,Предложение клиента перейти по ссылке может быть признаком фишинга.,voting_link_phishing,1842.968
experiment_02_augmentation_robustness,Qwen/Qwen2.5-14B-Instruct,llm_checklist,paraphrase,seed_011_gen_05_paraphrase,seed_011_gen_05,suspicious,suspicious,0.65,urgency|phishing_link,Присутствуют признаки давления по времени и подозрительная ссылка для голосования.,voting_link_phishing,2101.285
experiment_02_augmentation_robustness,Qwen/Qwen2.5-14B-Instruct,llm_checklist,paraphrase,seed_012_gen_01_paraphrase,seed_012_gen_01,suspicious,suspicious,0.45,phishing_link,Упоминание необходимости правильного копирования ссылки из письма может указывать на попытку фишинга.,marketplace_refund,2233.366
experiment_02_augmentation_robustness,Qwen/Qwen2.5-14B-Instruct,llm_checklist,paraphrase,seed_012_gen_02_paraphrase,seed_012_gen_02,suspicious,safe,0.0,,Диалог не содержит явных признаков мошенничества.,marketplace_refund,1544.368
experiment_02_augmentation_robustness,Qwen/Qwen2.5-14B-Instruct,llm_checklist,paraphrase,seed_012_gen_03_paraphrase,seed_012_gen_03,suspicious,suspicious,0.45,phishing_link,Предложение клиента заполнить форму может быть интерпретировано как попытка получения личных данных через подозрительную ссылку.,marketplace_refund,2339.981
experiment_02_augmentation_robustness,Qwen/Qwen2.5-14B-Instruct,llm_checklist,paraphrase,seed_012_gen_04_paraphrase,seed_012_gen_04,suspicious,safe,0.0,,Запрос на предоставление информации о транзакции не содержит явных признаков мошенничества.,marketplace_refund,1825.651
experiment_02_augmentation_robustness,Qwen/Qwen2.5-14B-Instruct,llm_checklist,paraphrase,seed_013_gen_01_paraphrase,seed_013_gen_01,safe,safe,0.0,,Диалог не содержит сигналов мошенничества.,family_logistics,1453.0
experiment_02_augmentation_robustness,Qwen/Qwen2.5-14B-Instruct,llm_checklist,paraphrase,seed_013_gen_02_paraphrase,seed_013_gen_02,safe,safe,0.0,,Диалог не содержит сигналов мошенничества.,family_logistics,1452.502
experiment_02_augmentation_robustness,Qwen/Qwen2.5-14B-Instruct,llm_checklist,paraphrase,seed_013_gen_03_paraphrase,seed_013_gen_03,safe,safe,0.0,,Диалог не содержит сигналов мошенничества.,family_logistics,1453.626
experiment_02_augmentation_robustness,Qwen/Qwen2.5-14B-Instruct,llm_checklist,paraphrase,seed_013_gen_04_paraphrase,seed_013_gen_04,safe,safe,0.0,,Диалог не содержит сигналов мошенничества.,family_logistics,1454.237
experiment_02_augmentation_robustness,Qwen/Qwen2.5-14B-Instruct,llm_checklist,paraphrase,seed_013_gen_05_paraphrase,seed_013_gen_05,safe,safe,0.0,,Диалог не содержит сигналов мошенничества.,family_logistics,1470.489
experiment_02_augmentation_robustness,Qwen/Qwen2.5-14B-Instruct,llm_checklist,paraphrase,seed_013_gen_06_paraphrase,seed_013_gen_06,safe,safe,0.0,,Диалог не содержит сигналов мошенничества.,family_logistics,1521.827
experiment_02_augmentation_robustness,Qwen/Qwen2.5-14B-Instruct,llm_checklist,paraphrase,seed_013_gen_07_paraphrase,seed_013_gen_07,safe,safe,0.0,,Диалог не содержит сигналов мошенничества.,family_logistics,1454.374
experiment_02_augmentation_robustness,Qwen/Qwen2.5-14B-Instruct,llm_checklist,paraphrase,seed_013_gen_08_paraphrase,seed_013_gen_08,safe,safe,0.0,,Диалог не содержит сигналов мошенничества.,family_logistics,1449.634
experiment_02_augmentation_robustness,Qwen/Qwen2.5-14B-Instruct,llm_checklist,paraphrase,seed_014_gen_01_paraphrase,seed_014_gen_01,safe,safe,0.0,,Запрос на запись на прием к врачу не содержит сигналов мошенничества.,doctor_appointment,1669.892
experiment_02_augmentation_robustness,Qwen/Qwen2.5-14B-Instruct,llm_checklist,paraphrase,seed_014_gen_02_paraphrase,seed_014_gen_02,safe,safe,0.0,,диалог не содержит сигналов мошенничества,doctor_appointment,1420.957
experiment_02_augmentation_robustness,Qwen/Qwen2.5-14B-Instruct,llm_checklist,paraphrase,seed_014_gen_03_paraphrase,seed_014_gen_03,safe,safe,0.0,,Запрос на подтверждение посещения не содержит сигналов мошенничества.,doctor_appointment,1703.196
experiment_02_augmentation_robustness,Qwen/Qwen2.5-14B-Instruct,llm_checklist,paraphrase,seed_014_gen_05_paraphrase,seed_014_gen_05,safe,safe,0.0,,Нет сигналов мошенничества.,doctor_appointment,1328.742
experiment_02_augmentation_robustness,Qwen/Qwen2.5-14B-Instruct,llm_checklist,paraphrase,seed_015_gen_02_paraphrase,seed_015_gen_02,safe,safe,0.0,,Запрос на информацию о рабочих часах не содержит сигналов мошенничества.,bank_office_info,1703.186
experiment_02_augmentation_robustness,Qwen/Qwen2.5-14B-Instruct,llm_checklist,paraphrase,seed_015_gen_05_paraphrase,seed_015_gen_05,safe,safe,0.0,,диалог не содержит сигналов мошенничества,bank_office_info,1422.486
experiment_02_augmentation_robustness,Qwen/Qwen2.5-14B-Instruct,llm_checklist,paraphrase,seed_015_gen_07_paraphrase,seed_015_gen_07,safe,safe,0.0,,Диалог не содержит сигналов мошенничества.,bank_office_info,1481.101
experiment_02_augmentation_robustness,Qwen/Qwen2.5-14B-Instruct,llm_checklist,subtle,seed_001_gen_01_subtle,seed_001_gen_01,fraud,fraud,0.95,bank_impersonation|sms_code_request,Оператор выдает себя за службу безопасности банка и просит клиента назвать код из СМС.,bank_security_call,2168.88
experiment_02_augmentation_robustness,Qwen/Qwen2.5-14B-Instruct,llm_checklist,subtle,seed_001_gen_02_subtle,seed_001_gen_02,fraud,fraud,0.95,bank_impersonation|sms_code_request,Оператор выдает себя за службу безопасности банка и просит клиента назвать код из СМС.,bank_security_call,2168.09
experiment_02_augmentation_robustness,Qwen/Qwen2.5-14B-Instruct,llm_checklist,subtle,seed_001_gen_03_subtle,seed_001_gen_03,fraud,fraud,0.95,bank_impersonation|sms_code_request,Оператор выдает себя за службу безопасности банка и просит клиента предоставить код из СМС.,bank_security_call,2135.526
experiment_02_augmentation_robustness,Qwen/Qwen2.5-14B-Instruct,llm_checklist,subtle,seed_001_gen_04_subtle,seed_001_gen_04,fraud,fraud,0.95,bank_impersonation|sms_code_request,Оператор выдает себя за службу безопасности банка и просит клиента назвать код из СМС.,bank_security_call,2173.684
experiment_02_augmentation_robustness,Qwen/Qwen2.5-14B-Instruct,llm_checklist,subtle,seed_001_gen_05_subtle,seed_001_gen_05,fraud,fraud,0.95,bank_impersonation|sms_code_request,Оператор выдает себя за службу безопасности банка и просит клиента назвать код из СМС.,bank_security_call,2164.907
experiment_02_augmentation_robustness,Qwen/Qwen2.5-14B-Instruct,llm_checklist,subtle,seed_001_gen_06_subtle,seed_001_gen_06,fraud,fraud,0.95,bank_impersonation|sms_code_request,Оператор выдает себя за службу безопасности банка и просит клиента назвать код из СМС.,bank_security_call,2170.027
experiment_02_augmentation_robustness,Qwen/Qwen2.5-14B-Instruct,llm_checklist,subtle,seed_002_gen_01_subtle,seed_002_gen_01,fraud,fraud,0.95,government_impersonation|sms_code_request,Оператор выдает себя за службу безопасности банка и просит клиента ввести код из СМС.,fake_loan_application,2136.734
experiment_02_augmentation_robustness,Qwen/Qwen2.5-14B-Instruct,llm_checklist,subtle,seed_002_gen_02_subtle,seed_002_gen_02,fraud,fraud,0.95,bank_impersonation|sms_code_request,Оператор выдает себя за службу безопасности банка и просит предоставить код из СМС для завершения проверки.,fake_loan_application,2319.895
experiment_02_augmentation_robustness,Qwen/Qwen2.5-14B-Instruct,llm_checklist,subtle,seed_002_gen_03_subtle,seed_002_gen_03,fraud,fraud,0.95,sms_code_request|loan_fraud,"Оператор требует код из СМС и пытается завершить процедуру оформления кредита, что указывает на попытку мошенничества.",fake_loan_application,2710.843
experiment_02_augmentation_robustness,Qwen/Qwen2.5-14B-Instruct,llm_checklist,subtle,seed_002_gen_04_subtle,seed_002_gen_04,fraud,fraud,0.95,government_impersonation|sms_code_request,Оператор выдает себя за службу безопасности и просит клиента проверить СМС для предотвращения несанкционированного доступа.,fake_loan_application,2425.066
experiment_02_augmentation_robustness,Qwen/Qwen2.5-14B-Instruct,llm_checklist,subtle,seed_002_gen_05_subtle,seed_002_gen_05,fraud,fraud,0.95,bank_impersonation|sms_code_request|urgency,"Оператор выдает себя за службу безопасности банка и требует немедленного действия, а также просит код из СМС для аннулирования операции.",fake_loan_application,2707.786
experiment_02_augmentation_robustness,Qwen/Qwen2.5-14B-Instruct,llm_checklist,subtle,seed_003_gen_01_subtle,seed_003_gen_01,fraud,fraud,0.95,bank_impersonation|sms_code_request,Оператор выдает себя за службу безопасности банка и требует код из СМС для предотвращения снятия средств.,safe_account_transfer,2332.768
experiment_02_augmentation_robustness,Qwen/Qwen2.5-14B-Instruct,llm_checklist,subtle,seed_003_gen_02_subtle,seed_003_gen_02,fraud,fraud,0.95,bank_impersonation|pressure|safe_account_transfer|secrecy,"Оператор выдает себя за службу безопасности банка, требует немедленных действий и просит перевести средства на безопасный счет, сохраняя разговор в тайне.",safe_account_transfer,2919.072
experiment_02_augmentation_robustness,Qwen/Qwen2.5-14B-Instruct,llm_checklist,subtle,seed_003_gen_03_subtle,seed_003_gen_03,fraud,fraud,0.95,bank_impersonation|urgency|safe_account_transfer|do_not_hang_up,"Оператор выдает себя за службу безопасности банка, создает ощущение срочности и просит клиента перевести деньги на безопасный счет, одновременно запугивая его.",safe_account_transfer,3144.237
experiment_02_augmentation_robustness,Qwen/Qwen2.5-14B-Instruct,llm_checklist,subtle,seed_003_gen_04_subtle,seed_003_gen_04,fraud,suspicious,0.45,bank_impersonation|safe_account_transfer,"Оператор выдает себя за службу безопасности банка и упоминает о резервном счете, что может быть попыткой социальной инженерии.",safe_account_transfer,2728.303
experiment_02_augmentation_robustness,Qwen/Qwen2.5-14B-Instruct,llm_checklist,subtle,seed_004_gen_01_subtle,seed_004_gen_01,fraud,suspicious,0.45,government_impersonation|trust_building,Имитация работы государственного органа и попытки установления доверия.,fake_police_call,1992.763
experiment_02_augmentation_robustness,Qwen/Qwen2.5-14B-Instruct,llm_checklist,subtle,seed_004_gen_02_subtle,seed_004_gen_02,fraud,suspicious,0.45,government_impersonation|pressure,Имитация сотрудника правоохранительных органов и давление на клиента для получения информации.,fake_police_call,2051.32
experiment_02_augmentation_robustness,Qwen/Qwen2.5-14B-Instruct,llm_checklist,subtle,seed_004_gen_03_subtle,seed_004_gen_03,fraud,suspicious,0.65,government_impersonation|do_not_hang_up,"Имитация сотрудника службы безопасности, просьба не прерывать связь.",fake_police_call,2086.855
experiment_02_augmentation_robustness,Qwen/Qwen2.5-14B-Instruct,llm_checklist,subtle,seed_004_gen_04_subtle,seed_004_gen_04,fraud,fraud,0.95,government_impersonation|sms_code_request|do_not_hang_up,"Имитация сотрудника государственного органа, требование предоставить код из СМС, а также просьба не отключаться.",fake_police_call,2580.902
experiment_02_augmentation_robustness,Qwen/Qwen2.5-14B-Instruct,llm_checklist,subtle,seed_005_gen_01_subtle,seed_005_gen_01,fraud,fraud,0.95,urgency|secrecy|safe_account_transfer,"Юрист оказывает давление по времени и просит перевести деньги на указанный счет, при этом требует сохранить разговор в тайне.",relative_emergency,2559.536
experiment_02_augmentation_robustness,Qwen/Qwen2.5-14B-Instruct,llm_checklist,subtle,seed_005_gen_02_subtle,seed_005_gen_02,fraud,fraud,0.95,urgency|sms_code_request|trust_building,"Присутствуют элементы давления по времени и просьба назвать код из СМС, что является явными признаками мошенничества.",relative_emergency,2648.236
experiment_02_augmentation_robustness,Qwen/Qwen2.5-14B-Instruct,llm_checklist,subtle,seed_005_gen_03_subtle,seed_005_gen_03,fraud,fraud,0.95,pressure|sms_code_request|safe_account_transfer,"Оператор оказывает давление по времени и просит клиента перевести средства на указанную карту, а также предоставить код из СМС.",relative_emergency,2491.448
experiment_02_augmentation_robustness,Qwen/Qwen2.5-14B-Instruct,llm_checklist,subtle,seed_005_gen_04_subtle,seed_005_gen_04,fraud,fraud,0.95,urgency|pressure|sms_code_request|card_data_request|safe_account_transfer,Оператор использует давление по времени и требует код из СМС и данные карты для перевода средств на специальный счет.,relative_emergency,2811.353
experiment_02_augmentation_robustness,Qwen/Qwen2.5-14B-Instruct,llm_checklist,subtle,seed_006_gen_01_subtle,seed_006_gen_01,fraud,fraud,0.95,remote_access_app|trust_building,Запрос на установку приложения для удаленного доступа и попытка убедить клиента в безопасности действия.,fake_support_app_install,2205.205
experiment_02_augmentation_robustness,Qwen/Qwen2.5-14B-Instruct,llm_checklist,subtle,seed_006_gen_02_subtle,seed_006_gen_02,fraud,fraud,0.95,remote_access_app|bank_impersonation,Оператор требует установки специального приложения для доступа к экрану устройства и выдает себя за представителя банка.,fake_support_app_install,2312.859
experiment_02_augmentation_robustness,Qwen/Qwen2.5-14B-Instruct,llm_checklist,subtle,seed_006_gen_03_subtle,seed_006_gen_03,fraud,suspicious,0.65,remote_access_app,Запрос на установку приложения и предоставление доступа к аккаунту может быть использован для мошенничества.,fake_support_app_install,2283.993
experiment_02_augmentation_robustness,Qwen/Qwen2.5-14B-Instruct,llm_checklist,subtle,seed_006_gen_04_subtle,seed_006_gen_04,fraud,fraud,0.9,remote_access_app|trust_building,Предложение установить специализированное приложение для доступа к устройству клиента и отсутствие конкретных данных о подозрительной активности указывают на попытку социальной инженерии.,fake_support_app_install,2894.446
experiment_02_augmentation_robustness,Qwen/Qwen2.5-14B-Instruct,llm_checklist,subtle,seed_007_gen_01_subtle,seed_007_gen_01,fraud,fraud,0.95,government_impersonation|sms_code_request,Обнаружены признаки выдачи себя за представителя госучреждения и просьбы предоставить код из СМС.,government_service_impersonation,2389.035
experiment_02_augmentation_robustness,Qwen/Qwen2.5-14B-Instruct,llm_checklist,subtle,seed_007_gen_02_subtle,seed_007_gen_02,fraud,fraud,0.95,government_impersonation|sms_code_request,Имитация службы безопасности государственных услуг и просьба предоставить код из СМС.,government_service_impersonation,2072.975
experiment_02_augmentation_robustness,Qwen/Qwen2.5-14B-Instruct,llm_checklist,subtle,seed_007_gen_03_subtle,seed_007_gen_03,fraud,fraud,0.95,government_impersonation|sms_code_request,Обнаружены признаки выдачи себя за представителя госучреждения и прямой запрос на предоставление кода из СМС.,government_service_impersonation,2506.249
experiment_02_augmentation_robustness,Qwen/Qwen2.5-14B-Instruct,llm_checklist,subtle,seed_007_gen_04_subtle,seed_007_gen_04,fraud,fraud,0.95,government_impersonation|sms_code_request,Имитация сотрудника службы безопасности сайта госуслуг и прямая просьба предоставить код из СМС.,government_service_impersonation,2295.792
experiment_02_augmentation_robustness,Qwen/Qwen2.5-14B-Instruct,llm_checklist,subtle,seed_008_gen_01_subtle,seed_008_gen_01,fraud,fraud,0.95,card_data_request,Запрос на предоставление данных банковской карты.,investment_scam,1602.601
experiment_02_augmentation_robustness,Qwen/Qwen2.5-14B-Instruct,llm_checklist,subtle,seed_008_gen_02_subtle,seed_008_gen_02,fraud,suspicious,0.45,loan_fraud|secrecy,Предложение о быстром заработке через инвестиции может быть признаком финансовой схемы. Требование предоставления личных данных также вызывает подозрение.,investment_scam,2704.599
experiment_02_augmentation_robustness,Qwen/Qwen2.5-14B-Instruct,llm_checklist,subtle,seed_008_gen_03_subtle,seed_008_gen_03,fraud,fraud,0.95,loan_fraud|pressure,Предложение о высокодоходных инвестициях с ограниченным временем действия и прямой просьбой перевести деньги на указанный счет.,investment_scam,2416.011
experiment_02_augmentation_robustness,Qwen/Qwen2.5-14B-Instruct,llm_checklist,subtle,seed_008_gen_04_subtle,seed_008_gen_04,fraud,suspicious,0.65,urgency|trust_building,"Присутствуют элементы давления по времени и попытки укрепления доверия, но отсутствуют явные признаки мошенничества.",investment_scam,2551.279
experiment_02_augmentation_robustness,Qwen/Qwen2.5-14B-Instruct,llm_checklist,subtle,seed_009_gen_01_subtle,seed_009_gen_01,suspicious,fraud,0.95,sms_code_request|secrecy,Запрос на предоставление кода из СМС и отсутствие явных причин для такой проверки указывают на вероятность мошенничества.,fake_delivery,2578.89
experiment_02_augmentation_robustness,Qwen/Qwen2.5-14B-Instruct,llm_checklist,subtle,seed_009_gen_02_subtle,seed_009_gen_02,suspicious,suspicious,0.45,sms_code_request,"Оператор просит клиента следовать инструкциям, которые будут отправлены в СМС, что может быть связано с запросом кода подтверждения.",fake_delivery,2480.05
experiment_02_augmentation_robustness,Qwen/Qwen2.5-14B-Instruct,llm_checklist,subtle,seed_009_gen_03_subtle,seed_009_gen_03,suspicious,suspicious,0.45,sms_code_request,Запрос на предоставление кода из СМС может быть использован для мошенничества.,fake_delivery,2008.487
experiment_02_augmentation_robustness,Qwen/Qwen2.5-14B-Instruct,llm_checklist,subtle,seed_009_gen_04_subtle,seed_009_gen_04,suspicious,fraud,0.9,sms_code_request,"Оператор просит клиента предоставить код из СМС для проверки ситуации, что является типичным признаком мошенничества.",fake_delivery,2167.952
experiment_02_augmentation_robustness,Qwen/Qwen2.5-14B-Instruct,llm_checklist,subtle,seed_009_gen_05_subtle,seed_009_gen_05,suspicious,fraud,0.95,sms_code_request|pressure,Запрос на предоставление кода из СМС и использование давления для его получения.,fake_delivery,1946.08
experiment_02_augmentation_robustness,Qwen/Qwen2.5-14B-Instruct,llm_checklist,subtle,seed_009_gen_06_subtle,seed_009_gen_06,suspicious,fraud,0.95,sms_code_request|pressure,"Оператор требует чтение кода из СМС для отмены доставки и создаёт давление, угрожая автоматической активацией заказа.",fake_delivery,2485.653
experiment_02_augmentation_robustness,Qwen/Qwen2.5-14B-Instruct,llm_checklist,subtle,seed_010_gen_01_subtle,seed_010_gen_01,suspicious,suspicious,0.45,government_impersonation|secrecy,"Оператор выдает себя за службу техподдержки оператора связи, что может быть попыткой социальной инженерии. Также просит повторить номер телефона, что может быть связано с попыткой сбора информации.",phone_number_extension,3188.03
experiment_02_augmentation_robustness,Qwen/Qwen2.5-14B-Instruct,llm_checklist,subtle,seed_010_gen_02_subtle,seed_010_gen_02,suspicious,fraud,0.95,sms_code_request|pressure,Оператор требует код из СМС и угрожает ограничением доступа к номеру.,phone_number_extension,2053.111
experiment_02_augmentation_robustness,Qwen/Qwen2.5-14B-Instruct,llm_checklist,subtle,seed_010_gen_03_subtle,seed_010_gen_03,suspicious,suspicious,0.45,government_impersonation,Имитация звонка от службы техподдержки мобильного оператора.,phone_number_extension,1911.744
experiment_02_augmentation_robustness,Qwen/Qwen2.5-14B-Instruct,llm_checklist,subtle,seed_010_gen_04_subtle,seed_010_gen_04,suspicious,fraud,0.95,sms_code_request|bank_impersonation,Оператор требует ввода кода из СМС и выдает себя за службу техподдержки мобильного оператора.,phone_number_extension,2383.946
experiment_02_augmentation_robustness,Qwen/Qwen2.5-14B-Instruct,llm_checklist,subtle,seed_010_gen_05_subtle,seed_010_gen_05,suspicious,suspicious,0.45,trust_building|secrecy,"Оператор пытается убедить клиента в необходимости подтверждения личности для безопасности, что может быть попыткой завуалированного сбора информации.",phone_number_extension,2638.347
experiment_02_augmentation_robustness,Qwen/Qwen2.5-14B-Instruct,llm_checklist,subtle,seed_011_gen_01_subtle,seed_011_gen_01,suspicious,suspicious,0.6,phishing_link,"Обращение содержит приглашение перейти по ссылке, что может быть признаком фишинга.",voting_link_phishing,1978.211
experiment_02_augmentation_robustness,Qwen/Qwen2.5-14B-Instruct,llm_checklist,subtle,seed_011_gen_02_subtle,seed_011_gen_02,suspicious,suspicious,0.45,phishing_link,"Обнаружена ссылка, которая может быть использована для фишинга.",voting_link_phishing,1822.338
experiment_02_augmentation_robustness,Qwen/Qwen2.5-14B-Instruct,llm_checklist,subtle,seed_011_gen_03_subtle,seed_011_gen_03,suspicious,suspicious,0.45,phishing_link,Предложение клиента перейти по ссылке может быть признаком попытки фишинга.,voting_link_phishing,1976.23
experiment_02_augmentation_robustness,Qwen/Qwen2.5-14B-Instruct,llm_checklist,subtle,seed_011_gen_04_subtle,seed_011_gen_04,suspicious,suspicious,0.45,phishing_link,"Обнаружена ссылка, которая может быть использована для фишинга.",voting_link_phishing,1821.95
experiment_02_augmentation_robustness,Qwen/Qwen2.5-14B-Instruct,llm_checklist,subtle,seed_011_gen_05_subtle,seed_011_gen_05,suspicious,fraud,0.9,urgency|phishing_link,Присутствуют элементы социальной инженерии: создание ощущения срочности и требование перехода по ссылке.,voting_link_phishing,2451.952
experiment_02_augmentation_robustness,Qwen/Qwen2.5-14B-Instruct,llm_checklist,subtle,seed_012_gen_01_subtle,seed_012_gen_01,suspicious,suspicious,0.45,phishing_link,"Обнаружена ссылка в письме, которую клиент должен был проверить, что может быть признаком фишинга.",marketplace_refund,2167.166
experiment_02_augmentation_robustness,Qwen/Qwen2.5-14B-Instruct,llm_checklist,subtle,seed_012_gen_02_subtle,seed_012_gen_02,suspicious,fraud,0.9,phishing_link,"Запрос на переход по ссылке, вероятно, является попыткой фишинга.",marketplace_refund,1946.432
experiment_02_augmentation_robustness,Qwen/Qwen2.5-14B-Instruct,llm_checklist,subtle,seed_012_gen_03_subtle,seed_012_gen_03,suspicious,suspicious,0.45,phishing_link,Потенциальный фишинг через электронное письмо с инструкциями.,marketplace_refund,1961.318
experiment_02_augmentation_robustness,Qwen/Qwen2.5-14B-Instruct,llm_checklist,subtle,seed_012_gen_04_subtle,seed_012_gen_04,suspicious,suspicious,0.45,loan_fraud,Запрос на предоставление ссылки на транзакцию для отмены может быть использован для мошеннических целей.,marketplace_refund,2256.53
experiment_02_augmentation_robustness,Qwen/Qwen2.5-14B-Instruct,llm_checklist,asr_noise,seed_001_gen_01_asr_noise,seed_001_gen_01,fraud,fraud,0.95,bank_impersonation|sms_code_request,Оператор выдает себя за службу безопасности банка и просит клиента назвать код из СМС.,bank_security_call,2198.764
experiment_02_augmentation_robustness,Qwen/Qwen2.5-14B-Instruct,llm_checklist,asr_noise,seed_001_gen_02_asr_noise,seed_001_gen_02,fraud,fraud,0.95,bank_impersonation|sms_code_request|urgency,"Оператор выдает себя за службу безопасности банка и требует подтвердить перевод, назвав код из СМС, что является явным признаком мошенничества.",bank_security_call,2797.142
experiment_02_augmentation_robustness,Qwen/Qwen2.5-14B-Instruct,llm_checklist,asr_noise,seed_001_gen_03_asr_noise,seed_001_gen_03,fraud,fraud,0.95,bank_impersonation|sms_code_request|urgency,Оператор выдает себя за службу безопасности банка и требует подтверждения кода из СМС под предлогом проверки подозрительной операции.,bank_security_call,2733.409
experiment_02_augmentation_robustness,Qwen/Qwen2.5-14B-Instruct,llm_checklist,asr_noise,seed_001_gen_04_asr_noise,seed_001_gen_04,fraud,fraud,0.95,bank_impersonation|sms_code_request,"Оператор выдает себя за службу безопасности банка и просит клиента подтвердить перевод, введя код из СМС.",bank_security_call,2357.118
experiment_02_augmentation_robustness,Qwen/Qwen2.5-14B-Instruct,llm_checklist,asr_noise,seed_001_gen_05_asr_noise,seed_001_gen_05,fraud,fraud,0.95,bank_impersonation|sms_code_request|urgency,"Оператор выдает себя за службу безопасности банка и требует подтвердить перевод, назвав код из СМС.",bank_security_call,2417.956
experiment_02_augmentation_robustness,Qwen/Qwen2.5-14B-Instruct,llm_checklist,asr_noise,seed_001_gen_06_asr_noise,seed_001_gen_06,fraud,fraud,0.95,bank_impersonation|sms_code_request|pressure,Оператор выдает себя за службу безопасности банка и требует подтверждения операции путем предоставления кода из SMS.,bank_security_call,2438.504
experiment_02_augmentation_robustness,Qwen/Qwen2.5-14B-Instruct,llm_checklist,asr_noise,seed_002_gen_01_asr_noise,seed_002_gen_01,fraud,fraud,0.95,bank_impersonation|sms_code_request|urgency,"Оператор выдает себя за службу безопасности банка и требует код из SMS для подтверждения, создавая ощущение срочности.",fake_loan_application,2636.165
experiment_02_augmentation_robustness,Qwen/Qwen2.5-14B-Instruct,llm_checklist,asr_noise,seed_002_gen_02_asr_noise,seed_002_gen_02,fraud,fraud,0.95,bank_impersonation|sms_code_request|urgency,Оператор выдает себя за службу безопасности банка и требует код из СМС для подтверждения личности с использованием давления по времени.,fake_loan_application,2664.349
experiment_02_augmentation_robustness,Qwen/Qwen2.5-14B-Instruct,llm_checklist,asr_noise,seed_002_gen_03_asr_noise,seed_002_gen_03,fraud,fraud,0.95,bank_impersonation|sms_code_request|urgency,"Оператор выдает себя за службу безопасности банка и требует код из SMS для подтверждения, создавая ощущение срочности.",fake_loan_application,2639.79
experiment_02_augmentation_robustness,Qwen/Qwen2.5-14B-Instruct,llm_checklist,asr_noise,seed_002_gen_04_asr_noise,seed_002_gen_04,fraud,fraud,0.95,bank_impersonation|sms_code_request|urgency,"Оператор выдает себя за службу безопасности банка и требует код из СМС для отмены операции, что является типичным признаком мошенничества.",fake_loan_application,2842.67
experiment_02_augmentation_robustness,Qwen/Qwen2.5-14B-Instruct,llm_checklist,asr_noise,seed_002_gen_05_asr_noise,seed_002_gen_05,fraud,fraud,0.95,bank_impersonation|sms_code_request|urgency,Оператор выдает себя за службу безопасности банка и требует код из СМС для срочной отмены операции.,fake_loan_application,2494.912
experiment_02_augmentation_robustness,Qwen/Qwen2.5-14B-Instruct,llm_checklist,asr_noise,seed_003_gen_01_asr_noise,seed_003_gen_01,fraud,fraud,0.95,bank_impersonation|sms_code_request|urgency,Оператор выдает себя за службу безопасности банка и требует код из СМС для отмены якобы попытки перевода денег.,safe_account_transfer,2620.122
experiment_02_augmentation_robustness,Qwen/Qwen2.5-14B-Instruct,llm_checklist,asr_noise,seed_003_gen_03_asr_noise,seed_003_gen_03,fraud,fraud,0.95,bank_impersonation|pressure|safe_account_transfer|do_not_hang_up,"Оператор выдает себя за службу безопасности банка, создает чувство срочности, требует немедленного перевода денег на 'безопасный' счет и запрещает клиенту повесить трубку.",safe_account_transfer,3386.127
experiment_02_augmentation_robustness,Qwen/Qwen2.5-14B-Instruct,llm_checklist,asr_noise,seed_003_gen_04_asr_noise,seed_003_gen_04,fraud,suspicious,0.65,bank_impersonation|urgency,Оператор выдает себя за службу безопасности банка и создает ощущение срочности ситуации.,safe_account_transfer,2244.486
experiment_02_augmentation_robustness,Qwen/Qwen2.5-14B-Instruct,llm_checklist,asr_noise,seed_004_gen_01_asr_noise,seed_004_gen_01,fraud,fraud,0.95,government_impersonation|pressure|do_not_hang_up,"Имитация сотрудника правоохранительных органов, давление на клиента и попытка сохранить разговор в тайне.",fake_police_call,2586.661
experiment_02_augmentation_robustness,Qwen/Qwen2.5-14B-Instruct,llm_checklist,asr_noise,seed_004_gen_02_asr_noise,seed_004_gen_02,fraud,fraud,0.95,government_impersonation|pressure,Имитация сотрудника ФСБ и использование давления для получения информации.,fake_police_call,1958.977
experiment_02_augmentation_robustness,Qwen/Qwen2.5-14B-Instruct,llm_checklist,asr_noise,seed_004_gen_03_asr_noise,seed_004_gen_03,fraud,fraud,0.95,government_impersonation|urgency,Имитация сотрудника ФСБ и использование срочности для получения информации.,fake_police_call,1977.266
experiment_02_augmentation_robustness,Qwen/Qwen2.5-14B-Instruct,llm_checklist,asr_noise,seed_004_gen_04_asr_noise,seed_004_gen_04,fraud,fraud,0.95,government_impersonation|sms_code_request|pressure,"ФСБ импостирует себя, требует код из СМС и оказывает давление.",fake_police_call,2196.953
experiment_02_augmentation_robustness,Qwen/Qwen2.5-14B-Instruct,llm_checklist,asr_noise,seed_005_gen_01_asr_noise,seed_005_gen_01,fraud,fraud,0.95,pressure|secrecy|safe_account_transfer|do_not_hang_up,"Присутствуют элементы давления, требования немедленного перевода денег на безопасный счет, а также запрет на общение с близкими.",relative_emergency,2870.717
experiment_02_augmentation_robustness,Qwen/Qwen2.5-14B-Instruct,llm_checklist,asr_noise,seed_005_gen_02_asr_noise,seed_005_gen_02,fraud,fraud,0.95,bank_impersonation|sms_code_request|urgency,"Оператор выдает себя за службу безопасности банка и требует код из СМС для отмены перевода, что является типичным признаком мошенничества.",relative_emergency,2790.376
experiment_02_augmentation_robustness,Qwen/Qwen2.5-14B-Instruct,llm_checklist,asr_noise,seed_005_gen_04_asr_noise,seed_005_gen_04,fraud,fraud,0.95,bank_impersonation|urgency|sms_code_request|card_data_request|safe_account_transfer,"Оператор выдает себя за службу безопасности банка, создает чувство срочности, требует код из СМС и данные карты для перевода на 'безопасный' счет.",relative_emergency,3246.095
experiment_02_augmentation_robustness,Qwen/Qwen2.5-14B-Instruct,llm_checklist,asr_noise,seed_006_gen_01_asr_noise,seed_006_gen_01,fraud,fraud,0.95,remote_access_app|bank_impersonation|urgency,Оператор выдает себя за службу безопасности банка и оказывает давление на клиента для установки приложения удаленного доступа.,fake_support_app_install,2514.122
experiment_02_augmentation_robustness,Qwen/Qwen2.5-14B-Instruct,llm_checklist,asr_noise,seed_006_gen_03_asr_noise,seed_006_gen_03,fraud,suspicious,0.65,remote_access_app,Запрос на предоставление доступа к аккаунту может быть признаком попытки мошенничества.,fake_support_app_install,2195.35
experiment_02_augmentation_robustness,Qwen/Qwen2.5-14B-Instruct,llm_checklist,asr_noise,seed_006_gen_04_asr_noise,seed_006_gen_04,fraud,fraud,0.95,remote_access_app|secrecy,Предложение установить специальное приложение и предоставить доступ к устройству указывает на попытку удаленного доступа. Также отсутствие конкретной информации о действиях на аккаунте может свидетельствовать о попытке скрыть истинные цели.,fake_support_app_install,3461.088
experiment_02_augmentation_robustness,Qwen/Qwen2.5-14B-Instruct,llm_checklist,asr_noise,seed_007_gen_01_asr_noise,seed_007_gen_01,fraud,fraud,0.95,government_impersonation|sms_code_request,Выдача себя за госслужбу и просьба назвать код из СМС.,government_service_impersonation,2071.352
experiment_02_augmentation_robustness,Qwen/Qwen2.5-14B-Instruct,llm_checklist,asr_noise,seed_007_gen_02_asr_noise,seed_007_gen_02,fraud,fraud,0.95,government_impersonation|sms_code_request,Государственная служба пытается получить подтверждение личности через код из SMS.,government_service_impersonation,2264.648
experiment_02_augmentation_robustness,Qwen/Qwen2.5-14B-Instruct,llm_checklist,asr_noise,seed_007_gen_03_asr_noise,seed_007_gen_03,fraud,fraud,0.95,government_impersonation|sms_code_request,Государственная служба пытается получить подтверждение личности через код из SMS.,government_service_impersonation,2281.551
experiment_02_augmentation_robustness,Qwen/Qwen2.5-14B-Instruct,llm_checklist,asr_noise,seed_007_gen_04_asr_noise,seed_007_gen_04,fraud,fraud,0.95,government_impersonation|sms_code_request,"Государственная служба представляется как источник информации о мошенничестве, что является попыткой внушить доверие. Затем просит предоставить код из SMS для подтверждения, что является типичным признаком попытки мошенничества.",government_service_impersonation,3523.244
experiment_02_augmentation_robustness,Qwen/Qwen2.5-14B-Instruct,llm_checklist,asr_noise,seed_008_gen_01_asr_noise,seed_008_gen_01,fraud,fraud,0.95,card_data_request|urgency,Запрос на предоставление данных карты и использование стратегии ограниченного времени.,investment_scam,1978.11
experiment_02_augmentation_robustness,Qwen/Qwen2.5-14B-Instruct,llm_checklist,asr_noise,seed_008_gen_02_asr_noise,seed_008_gen_02,fraud,suspicious,0.6,secrecy,"Обсуждается предоставление личных данных, что может быть потенциально опасным.",investment_scam,1665.101
experiment_02_augmentation_robustness,Qwen/Qwen2.5-14B-Instruct,llm_checklist,asr_noise,seed_008_gen_03_asr_noise,seed_008_gen_03,fraud,fraud,0.95,urgency|loan_fraud|safe_account_transfer,Присутствуют элементы давления по времени и прямой запрос на перевод денег на специальный счет.,investment_scam,2290.709
experiment_02_augmentation_robustness,Qwen/Qwen2.5-14B-Instruct,llm_checklist,asr_noise,seed_008_gen_04_asr_noise,seed_008_gen_04,fraud,suspicious,0.65,urgency|pressure,"Присутствуют элементы давления и срочности, но отсутствуют явные признаки мошенничества.",investment_scam,2369.291
experiment_02_augmentation_robustness,Qwen/Qwen2.5-14B-Instruct,llm_checklist,asr_noise,seed_009_gen_01_asr_noise,seed_009_gen_01,suspicious,fraud,0.9,sms_code_request,"Оператор просит клиента предоставить код из SMS, что является типичным признаком мошенничества.",fake_delivery,1976.128
experiment_02_augmentation_robustness,Qwen/Qwen2.5-14B-Instruct,llm_checklist,asr_noise,seed_009_gen_02_asr_noise,seed_009_gen_02,suspicious,fraud,0.95,sms_code_request,"Оператор просит клиента отправить SMS с кодом, что может быть использовано для несанкционированного доступа или мошенничества.",fake_delivery,2294.837
experiment_02_augmentation_robustness,Qwen/Qwen2.5-14B-Instruct,llm_checklist,asr_noise,seed_009_gen_03_asr_noise,seed_009_gen_03,suspicious,fraud,0.9,sms_code_request,"Оператор просит клиента ввести код из СМС для подтверждения получения товара, что может быть использовано для мошеннических целей.",fake_delivery,2591.257
experiment_02_augmentation_robustness,Qwen/Qwen2.5-14B-Instruct,llm_checklist,asr_noise,seed_009_gen_05_asr_noise,seed_009_gen_05,suspicious,fraud,0.95,sms_code_request|pressure,Запрос на предоставление кода из СМС и давление по времени.,fake_delivery,1894.3
experiment_02_augmentation_robustness,Qwen/Qwen2.5-14B-Instruct,llm_checklist,asr_noise,seed_010_gen_01_asr_noise,seed_010_gen_01,suspicious,suspicious,0.45,government_impersonation|secrecy,"Оператор пытается представиться службой поддержки оператора связи и требует подтверждения номера, что может быть попыткой сбора информации.",phone_number_extension,2664.348
experiment_02_augmentation_robustness,Qwen/Qwen2.5-14B-Instruct,llm_checklist,asr_noise,seed_010_gen_02_asr_noise,seed_010_gen_02,suspicious,fraud,0.95,urgency|sms_code_request,Присутствуют сигналы срочности и прямого запроса кода из СМС.,phone_number_extension,2123.794
experiment_02_augmentation_robustness,Qwen/Qwen2.5-14B-Instruct,llm_checklist,asr_noise,seed_010_gen_03_asr_noise,seed_010_gen_03,suspicious,suspicious,0.45,government_impersonation|secrecy,"Имитация службы поддержки оператора связи, попытка скрыть информацию о действии.",phone_number_extension,2242.746
experiment_02_augmentation_robustness,Qwen/Qwen2.5-14B-Instruct,llm_checklist,asr_noise,seed_010_gen_04_asr_noise,seed_010_gen_04,suspicious,fraud,0.95,sms_code_request|bank_impersonation,"Оператор пытается получить код из СМС, выдавая себя за службу поддержки оператора.",phone_number_extension,2309.369
experiment_02_augmentation_robustness,Qwen/Qwen2.5-14B-Instruct,llm_checklist,asr_noise,seed_010_gen_05_asr_noise,seed_010_gen_05,suspicious,suspicious,0.45,government_impersonation|instruction_to_lie,Оператор выдает себя за службу поддержки оператора и предлагает клиенту действовать против своих интересов.,phone_number_extension,2252.194
experiment_02_augmentation_robustness,Qwen/Qwen2.5-14B-Instruct,llm_checklist,asr_noise,seed_011_gen_01_asr_noise,seed_011_gen_01,suspicious,suspicious,0.6,phishing_link,Предложение перейти по ссылке может быть признаком фишинга.,voting_link_phishing,1787.659
experiment_02_augmentation_robustness,Qwen/Qwen2.5-14B-Instruct,llm_checklist,asr_noise,seed_011_gen_02_asr_noise,seed_011_gen_02,suspicious,safe,0.0,,Диалог не содержит сигналов мошенничества.,voting_link_phishing,1484.753
experiment_02_augmentation_robustness,Qwen/Qwen2.5-14B-Instruct,llm_checklist,asr_noise,seed_011_gen_03_asr_noise,seed_011_gen_03,suspicious,suspicious,0.45,phishing_link,"Оператор просит клиента перейти по ссылке, что может быть признаком фишинга.",voting_link_phishing,1972.048
experiment_02_augmentation_robustness,Qwen/Qwen2.5-14B-Instruct,llm_checklist,asr_noise,seed_011_gen_04_asr_noise,seed_011_gen_04,suspicious,suspicious,0.45,phishing_link,"Предложение клиента перейти по ссылке, которая может быть фишинговой.",voting_link_phishing,1909.671
experiment_02_augmentation_robustness,Qwen/Qwen2.5-14B-Instruct,llm_checklist,asr_noise,seed_011_gen_05_asr_noise,seed_011_gen_05,suspicious,suspicious,0.65,urgency|phishing_link,Присутствуют признаки давления по времени и подозрительная ссылка.,voting_link_phishing,2036.568
experiment_02_augmentation_robustness,Qwen/Qwen2.5-14B-Instruct,llm_checklist,asr_noise,seed_012_gen_02_asr_noise,seed_012_gen_02,suspicious,safe,0.0,,Нет явных признаков мошенничества.,marketplace_refund,1436.83
experiment_02_augmentation_robustness,Qwen/Qwen2.5-14B-Instruct,llm_checklist,asr_noise,seed_012_gen_03_asr_noise,seed_012_gen_03,suspicious,suspicious,0.45,phishing_link,"Оператор предлагает клиенту перейти по ссылке для подтверждения покупки, что может быть признаком фишинга.",marketplace_refund,2160.222
experiment_02_augmentation_robustness,Qwen/Qwen2.5-14B-Instruct,llm_checklist,asr_noise,seed_012_gen_04_asr_noise,seed_012_gen_04,suspicious,suspicious,0.45,phishing_link,Запрос на отправку ссылки может быть использован для фишинга.,marketplace_refund,1811.534
