id,label,scenario,text,signals,difficulty,source,language,modality,_meta
seed_001_gen_01,fraud,bank_security_call,"Оператор: Здравствуйте, это служба безопасности банка. У нас есть сообщение о попытке перевода средств с вашего счета. Клиент: Я ничего не делал. Оператор: Пожалуйста, подтвердите операцию, назвав код из СМС, который мы вам отправили.",bank_impersonation;urgency;sms_code_request;pressure;do_not_hang_up;trust_building,easy,synthetic_llm_generated,ru,text,"{'request_id': 'seed_001_gen_01', 'brief_id': 'seed_001'}"
seed_001_gen_02,fraud,bank_security_call,"Оператор: Здравствуйте, это служба безопасности банка. У нас есть сообщение о попытке перевода средств с вашего счета. Клиент: Я ничего не делал. Оператор: Пожалуйста, немедленно подтвердите перевод, назвав код из СМС, который мы вам отправили.",bank_impersonation;urgency;sms_code_request;pressure;do_not_hang_up;trust_building,easy,synthetic_llm_generated,ru,text,"{'request_id': 'seed_001_gen_02', 'brief_id': 'seed_001'}"
seed_001_gen_03,fraud,bank_security_call,"Оператор: Здравствуйте, это служба безопасности банка. Выявлено подозрительное пополнение счета. Клиент: Что значит подозрительное? Оператор: Пополнение было произведено через неизвестный терминал. Клиент: Это невозможно! Оператор: Пожалуйста, подтвердите это немедленно, набрав код из СМС.",bank_impersonation;urgency;sms_code_request;pressure;do_not_hang_up;trust_building,easy,synthetic_llm_generated,ru,text,"{'request_id': 'seed_001_gen_03', 'brief_id': 'seed_001'}"
seed_001_gen_04,fraud,bank_security_call,"Оператор: Здравствуйте, это служба безопасности банка. Выявлено подозрительное пополнение на вашем счете. Клиент: Что значит подозрительное пополнение? Оператор: Проверка показывает, что средства были переведены с другого номера. Клиент: Я ничего не согласовывал! Оператор: Пожалуйста, подтвердите перевод, набрав код из СМС, который мы вам отправили.",bank_impersonation;urgency;sms_code_request;pressure;do_not_hang_up;trust_building,easy,synthetic_llm_generated,ru,text,"{'request_id': 'seed_001_gen_04', 'brief_id': 'seed_001'}"
seed_001_gen_05,fraud,bank_security_call,"Оператор: Здравствуйте, это служба безопасности банка. У нас есть сообщение о попытке перевода средств с вашего счета. Клиент: Я ничего не делал. Оператор: Пожалуйста, подтвердите перевод, назвав код из СМС, который мы вам отправили.",bank_impersonation;urgency;sms_code_request;pressure;do_not_hang_up;trust_building,easy,synthetic_llm_generated,ru,text,"{'request_id': 'seed_001_gen_05', 'brief_id': 'seed_001'}"
seed_001_gen_06,fraud,bank_security_call,"Оператор: Здравствуйте, это служба безопасности банка. Выявлено подозрительное пополнение счета. Клиент: Я ничего не делал! Оператор: Пожалуйста, подтвердите операцию, назвав код из СМС, который мы вам отправили.",bank_impersonation;urgency;sms_code_request;pressure;do_not_hang_up;trust_building,easy,synthetic_llm_generated,ru,text,"{'request_id': 'seed_001_gen_06', 'brief_id': 'seed_001'}"
seed_002_gen_01,fraud,fake_loan_application,"Оператор: Здравствуйте, это служба безопасности банка. Ваша заявка на кредит была успешно рассмотрена, но нам необходимо срочно убедиться в вашем реальном адресе. Клиент: Я ничего не подписывал! Оператор: Пожалуйста, предоставьте код из СМС, который мы вам отправили для подтверждения.",loan_fraud;sms_code_request;bank_impersonation;card_data_request;password_request,easy,synthetic_llm_generated,ru,text,"{'request_id': 'seed_002_gen_01', 'brief_id': 'seed_002'}"
seed_002_gen_02,fraud,fake_loan_application,"Оператор: Здравствуйте, это служба безопасности банка. Ваша заявка на кредит была успешно подана, но сейчас нам нужно срочно убедиться в вашей личности. Клиент: Я ничего не подписывал! Оператор: Пожалуйста, дайте мне код из СМС, чтобы мы могли завершить процесс.",loan_fraud;sms_code_request;bank_impersonation;card_data_request;password_request,easy,synthetic_llm_generated,ru,text,"{'request_id': 'seed_002_gen_02', 'brief_id': 'seed_002'}"
seed_002_gen_03,fraud,fake_loan_application,"Оператор: Здравствуйте, это служба безопасности банка. Ваша заявка на кредит была успешно рассмотрена, но нам необходимо срочно убедиться в вашем реальном адресе. Клиент: Я ничего не подписывал! Оператор: Пожалуйста, предоставьте код из СМС, который мы вам отправили для подтверждения.",loan_fraud;sms_code_request;bank_impersonation;card_data_request;password_request,easy,synthetic_llm_generated,ru,text,"{'request_id': 'seed_002_gen_03', 'brief_id': 'seed_002'}"
seed_002_gen_04,fraud,fake_loan_application,"Оператор: Здравствуйте, это служба безопасности банка. У нас есть информация, что кто-то пытается оформить кредит на вашу карту. Клиент: Я ничего не оформлял! Оператор: Пожалуйста, проверьте сообщение из СМС. В нем будет код для отмены операции.",loan_fraud;bank_impersonation;sms_code_request;card_data_request;password_request,easy,synthetic_llm_generated,ru,text,"{'request_id': 'seed_002_gen_04', 'brief_id': 'seed_002'}"
seed_002_gen_05,fraud,fake_loan_application,"Оператор: Здравствуйте, это служба безопасности банка. Ваша заявка на кредит была успешно рассмотрена, но сейчас требуется срочная отмена. Клиент: Я ничего не подписывал! Оператор: Пожалуйста, предоставьте код из СМС, чтобы мы могли отменить операцию.",loan_fraud;sms_code_request;bank_impersonation;card_data_request;password_request,easy,synthetic_llm_generated,ru,text,"{'request_id': 'seed_002_gen_05', 'brief_id': 'seed_002'}"
seed_003_gen_01,fraud,safe_account_transfer,"Оператор: Здравствуйте, это служба безопасности банка. Ваш резервный счёт попытался перевести деньги. Клиент: Какой резервный счёт? Оператор: Карта с номером XXXX-XXXX-XXXX-1234. Клиент: Я ничего не делал. Оператор: Пожалуйста, назовите код из СМС, чтобы отменить перевод.",safe_account_transfer;urgency;secrecy;pressure,medium,synthetic_llm_generated,ru,text,"{'request_id': 'seed_003_gen_01', 'brief_id': 'seed_003'}"
seed_003_gen_02,fraud,safe_account_transfer,"Оператор: Здравствуйте, это служба безопасности банка. По вашему счёту зафиксирована попытка вывода денег. Клиент: Я ничего не подтверждала. Оператор: Тогда срочно переведите средства на резервный безопасный счёт, который я сейчас продиктую, и никому не сообщайте о разговоре. Клиент: А почему это нужно делать прямо сейчас? Оператор: Иначе деньги спишутся в течение нескольких минут, времени на проверку нет.",safe_account_transfer;urgency;secrecy;pressure,medium,synthetic_llm_generated,ru,text,"{'request_id': 'seed_003_gen_02', 'brief_id': 'seed_003'}"
seed_003_gen_03,fraud,safe_account_transfer,"Оператор: Это служба безопасности банка. На ваше имя пытаются оформить списание, поэтому деньги нужно немедленно перевести на защищённый счёт Центробанка. Клиент: Я не понимаю, что происходит. Оператор: Не задавайте лишних вопросов и не прерывайте разговор, я продиктую реквизиты безопасного счёта. Клиент: Мне стоит сначала позвонить в банк? Оператор: Нет, если сейчас положите трубку, операция будет завершена мошенниками.",safe_account_transfer;urgency;secrecy;pressure,medium,synthetic_llm_generated,ru,text,"{'request_id': 'seed_003_gen_03', 'brief_id': 'seed_003'}"
seed_003_gen_04,fraud,safe_account_transfer,"Оператор: Здравствуйте, это служба безопасности банка. Ваш резервный счёт попытался совершить перевод. Клиент: Я ничего не согласовывал. Оператор: Пожалуйста, проверьте перевод и если он не нужен, свяжитесь с нашей службой поддержки.",safe_account_transfer;urgency;secrecy;pressure,medium,synthetic_llm_generated,ru,text,"{'request_id': 'seed_003_gen_04', 'brief_id': 'seed_003'}"
seed_004_gen_01,fraud,fake_police_call,"Следователь: Добрый день, это оперативная группа ФСБ. У нас есть информация о вашем участии в преступной группировке. Клиент: Я ничего не знаю. Следователь: Мы знаем все детали ваших действий. Клиент: Вы меня обманываете. Следователь: Нет, мы имеем все доказательства. Клиент: Я не могу поверить. Следователь: Позвольте нам связаться с вашими знакомыми и родственниками. Клиент: Нет, не надо!",police_impersonation;secrecy;pressure;do_not_hang_up,medium,synthetic_llm_generated,ru,text,"{'request_id': 'seed_004_gen_01', 'brief_id': 'seed_004'}"
seed_004_gen_02,fraud,fake_police_call,"Следователь: Здравствуйте, это оперативная группа ФСБ. Мы проверяем вашу связь с подозрительной стороной. Клиент: Я ничего не делал. Следователь: Нам нужно знать все подробности. Клиент: Вы меня не слушаете! Следователь: Пожалуйста, расскажите всё, что знаете. Клиент: Я не знаю ничего!",police_impersonation;secrecy;pressure;do_not_hang_up,medium,synthetic_llm_generated,ru,text,"{'request_id': 'seed_004_gen_02', 'brief_id': 'seed_004'}"
seed_004_gen_03,fraud,fake_police_call,"Следователь: Добрый день, это оперативная группа ФСБ. Мы получили сообщение о попытке мошенничества с вашей стороны. Срочно расскажите мне всё, что знаете.",police_impersonation;secrecy;pressure;do_not_hang_up,medium,synthetic_llm_generated,ru,text,"{'request_id': 'seed_004_gen_03', 'brief_id': 'seed_004'}"
seed_004_gen_04,fraud,fake_police_call,"Следователь: Здравствуйте, это оперативная группа ФСБ. Мы проверяем вашу связь с подозрительной стороной. Клиент: Я ничего не делал. Следователь: Пожалуйста, не отвлекайтесь. Мы требуем, чтобы вы сообщили нам свой код СМС для подтверждения операции.",police_impersonation;secrecy;pressure;do_not_hang_up,medium,synthetic_llm_generated,ru,text,"{'request_id': 'seed_004_gen_04', 'brief_id': 'seed_004'}"
seed_005_gen_01,fraud,relative_emergency,"Звонящий: Мама, не пугайся, я сбил человека, трубку передаю следователю. Следователь: Ваш сын сейчас у нас, вопрос можно решить без суда, но действовать нужно срочно. Клиент: Что от меня требуется? Следователь: Немедленно переведите деньги на указанную карту и никому не звоните, пока мы оформляем документы. Клиент: Я хочу сначала поговорить с сыном. Следователь: Нельзя, он на допросе, если будете тянуть время, дело сразу передадут в суд.",urgency;pressure;secrecy,medium,synthetic_llm_generated,ru,text,"{'request_id': 'seed_005_gen_01', 'brief_id': 'seed_005'}"
seed_005_gen_02,fraud,relative_emergency,"Оператор: Здравствуйте, это служба безопасности банка. Ваш родственник попал в серьезную ситуацию. Он попросил срочно перевести ему деньги на карту. Клиент: Я ничего не знала! Оператор: Пожалуйста, не переживайте, но это очень важно. Выберите код из СМС, который вам придет, и отправьте его мне. Это поможет отменить перевод.",urgency;pressure;sms_code_request;secrecy,medium,synthetic_llm_generated,ru,text,"{'request_id': 'seed_005_gen_02', 'brief_id': 'seed_005'}"
seed_005_gen_03,fraud,relative_emergency,"Оператор: Здравствуйте, это служба безопасности банка. Ваш родственник попал в серьезную аварию и нуждается в срочной помощи. Клиент: Я ничего не знаю! Оператор: Пожалуйста, не переживайте, но ситуация очень опасная. Вы можете перевести деньги на эту карту? Клиент: Я не могу это сделать сейчас. Оператор: Пожалуйста, дайте мне код из СМС, чтобы я мог отменить перевод.",urgency;pressure;sms_code_request;secrecy,medium,synthetic_llm_generated,ru,text,"{'request_id': 'seed_005_gen_03', 'brief_id': 'seed_005'}"
seed_005_gen_04,fraud,relative_emergency,"Оператор: Здравствуйте, это служба безопасности банка. Ваш родственник попал в серьезную аварию и нуждается в срочной помощи. Клиент: Я ничего не знаю! Оператор: Пожалуйста, не отвлекайтесь. Вы должны немедленно перевести деньги на эту карту для оплаты лечения. Клиент: Но у меня нет доступа к этому счету! Оператор: Это не проблема. Просто дайте мне номер карты и код из СМС, который вам придет. Клиент: Но это же мошенничество! Оператор: Нет, это очень важно. Пожалуйста, действуйте быстро.",urgency;pressure;sms_code_request;secrecy,medium,synthetic_llm_generated,ru,text,"{'request_id': 'seed_005_gen_04', 'brief_id': 'seed_005'}"
seed_006_gen_01,fraud,fake_support_app_install,"Оператор: Добрый день, это техническая поддержка банка. Мы видим подозрительный вход в ваш личный кабинет. Клиент: Что мне делать? Оператор: Для защиты счёта срочно установите приложение удалённого доступа, я подключусь и помогу отменить операции. Клиент: Это безопасно? Оператор: Да, это стандартная процедура службы безопасности, без неё мы не сможем заблокировать мошенников.",remote_access_app;bank_impersonation;trust_building,hard,synthetic_llm_generated,ru,text,"{'request_id': 'seed_006_gen_01', 'brief_id': 'seed_006'}"
seed_006_gen_02,fraud,fake_support_app_install,"Оператор: Здравствуйте, это поддержка банка. На вашем телефоне замечена вредоносная активность. Клиент: Как это исправить? Оператор: Установите сервисное приложение и включите демонстрацию экрана, тогда я проверю устройство и защищу ваш счёт. Клиент: Я раньше такого не делал. Оператор: Не переживайте, я продиктую шаги, это официальный инструмент банка.",remote_access_app;bank_impersonation;trust_building,hard,synthetic_llm_generated,ru,text,"{'request_id': 'seed_006_gen_02', 'brief_id': 'seed_006'}"
seed_006_gen_03,fraud,fake_support_app_install,"Оператор: Добрый день, у нас есть проблема с вашим мобильным приложением. Пожалуйста, установите обновление и дайте нам доступ к вашему аккаунту для проверки.",remote_access_app;bank_impersonation;trust_building,hard,synthetic_llm_generated,ru,text,"{'request_id': 'seed_006_gen_03', 'brief_id': 'seed_006'}"
seed_006_gen_04,fraud,fake_support_app_install,"Оператор: Добрый день, это служба поддержки. Мы заметили несколько необычных действий на вашем аккаунте. Чтобы убедиться, что все в порядке, мы предлагаем установить специальное приложение. Клиент: Что за действия? Оператор: Не могу точно сказать, но для проверки нам нужно предоставить доступ к вашему устройству. Клиент: Хорошо, установлю.",remote_access_app;trust_building;bank_impersonation,hard,synthetic_llm_generated,ru,text,"{'request_id': 'seed_006_gen_04', 'brief_id': 'seed_006'}"
seed_007_gen_01,fraud,government_service_impersonation,"Следователь: Здравствуйте, это служба безопасности Госуслуг. Ваш профиль подвергся взлому. Пожалуйста, подтвердите свою личность, набрав код из СМС.",government_impersonation;urgency;sms_code_request;phishing_link;password_request,easy,synthetic_llm_generated,ru,text,"{'request_id': 'seed_007_gen_01', 'brief_id': 'seed_007'}"
seed_007_gen_02,fraud,government_service_impersonation,"Следователь: Добрый день, это служба безопасности Госуслуг. У нас есть информация о попытке мошенничества с вашим аккаунтом. Пожалуйста, подтвердите свою личность, набрав код из СМС.",government_impersonation;urgency;sms_code_request;phishing_link;password_request,easy,synthetic_llm_generated,ru,text,"{'request_id': 'seed_007_gen_02', 'brief_id': 'seed_007'}"
seed_007_gen_03,fraud,government_service_impersonation,"Следователь: Добрый день, это служба безопасности Госуслуг. У нас есть информация о попытке мошенничества с вашим аккаунтом. Пожалуйста, подтвердите свою личность, набрав код из СМС.",government_impersonation;urgency;sms_code_request;phishing_link;password_request,easy,synthetic_llm_generated,ru,text,"{'request_id': 'seed_007_gen_03', 'brief_id': 'seed_007'}"
seed_007_gen_04,fraud,government_service_impersonation,"Следователь: Добрый день, это служба безопасности Госуслуг. У нас есть информация о попытке мошенничества с вашим профилем. Клиент: Я ничего не подписывал. Следователь: В таком случае, пожалуйста, предоставьте код из СМС, который мы вам отправили для подтверждения.",government_impersonation;urgency;sms_code_request;phishing_link;password_request,easy,synthetic_llm_generated,ru,text,"{'request_id': 'seed_007_gen_04', 'brief_id': 'seed_007'}"
seed_008_gen_01,fraud,investment_scam,"Клиент: Здравствуйте, я нашел отличную инвестиционную схему. Оператор: Привет! Да, конечно, расскажите мне подробнее. Клиент: Это очень выгодно, всего за несколько месяцев можно получить большой доход. Оператор: Отлично, давайте я вам всё объясню. Клиент: Вы можете попробовать вложить деньги прямо сейчас, у нас есть ограниченное предложение. Оператор: Хорошо, но мне нужно ваш номер карты для проведения операции.",pressure;urgency;trust_building,hard,synthetic_llm_generated,ru,text,"{'request_id': 'seed_008_gen_01', 'brief_id': 'seed_008'}"
seed_008_gen_02,fraud,investment_scam,"Клиент: Здравствуйте, я нашел отличную инвестиционную схему. Оператор: Конечно, расскажите мне подробнее. Клиент: Это очень быстрый доход, всего за несколько месяцев вы сможете получить огромную прибыль. Оператор: Отлично, давайте обсудим детали. Клиент: Вы получите 10% от всех сделок, которые мы проведем вместе. Оператор: Это звучит заманчиво. Но вам нужно будет предоставить свои личные данные.",pressure;urgency;trust_building,hard,synthetic_llm_generated,ru,text,"{'request_id': 'seed_008_gen_02', 'brief_id': 'seed_008'}"
seed_008_gen_03,fraud,investment_scam,"Клиент: Добрый день! Я нашел отличную инвестиционную схему. Вы можете заработать до 100% годовых! Оператор: Это действительно так. Но предложение ограничено в сроке 24 часа. Клиент: Как это работает? Оператор: Вы просто делаете депозит, и мы гарантируем вам высокую доходность. Клиент: Мне нужно что-то подтвердить? Оператор: Нет, просто сделайте перевод на наш счет. Клиент: Хорошо, я сейчас сделаю.",pressure;urgency;trust_building,hard,synthetic_llm_generated,ru,text,"{'request_id': 'seed_008_gen_03', 'brief_id': 'seed_008'}"
seed_008_gen_04,fraud,investment_scam,"Менеджер: Добрый день, у нас закрытая инвестиционная платформа с доходностью до 30 процентов в месяц. Клиент: Звучит слишком хорошо. Менеджер: Понимаю ваши сомнения, но окно входа закрывается сегодня, осталось два места. Клиент: И что нужно сделать? Менеджер: Прямо сейчас внесите первый депозит, тогда за вами закрепят счёт и персонального аналитика. Клиент: Мне нужно подумать. Менеджер: Если будете тянуть, место уйдёт другому инвестору.",pressure;urgency;trust_building,hard,synthetic_llm_generated,ru,text,"{'request_id': 'seed_008_gen_04', 'brief_id': 'seed_008'}"
seed_009_gen_01,suspicious,fake_delivery,"Клиент: Здравствуйте, я получил сообщение о доставке, но она так и не пришла. Оператор: Да, мы отправили вам сообщение с кодом для подтверждения. Пожалуйста, введите его, чтобы проверить статус доставки. Клиент: Хорошо, вот код из СМС.",sms_code_request;trust_building,medium,synthetic_llm_generated,ru,text,"{'request_id': 'seed_009_gen_01', 'brief_id': 'seed_009'}"
seed_009_gen_02,suspicious,fake_delivery,"Клиент: Здравствуйте, я получил ваш заказ, но он поврежден. Оператор: Да, мы уже об этом сообщили. Клиент: А когда мне вернут деньги? Оператор: Мы отправим вам SMS с кодом для возврата средств. Клиент: Какой код? Оператор: Напишите в СМС-сервисе, который вы получили.",sms_code_request;trust_building,medium,synthetic_llm_generated,ru,text,"{'request_id': 'seed_009_gen_02', 'brief_id': 'seed_009'}"
seed_009_gen_03,suspicious,fake_delivery,"Клиент: Здравствуйте, я получил сообщение о доставке, но она так и не пришла. Оператор: Простите за неудобства. Позвольте уточнить детали. Клиент: Мой адрес 123 Улица, квартира 401. Оператор: Хорошо, я проверю информацию. Клиент: А когда мне дадут код из СМС? Оператор: Мы отправили код на ваш номер. Пожалуйста, введите его, чтобы подтвердить получение товара. Клиент: Я не могу найти код в СМС. Оператор: Пожалуйста, внимательно проверьте входящие сообщения. Клиент: Ничего не нашел. Оператор: В таком случае, позвоните нам обратно, чтобы мы могли уточнить ситуацию.",sms_code_request;trust_building,medium,synthetic_llm_generated,ru,text,"{'request_id': 'seed_009_gen_03', 'brief_id': 'seed_009'}"
seed_009_gen_04,suspicious,fake_delivery,"Клиент: Здравствуйте, это курьер? Оператор: Да, это наш курьер. Вы заказывали товар сегодня? Клиент: Да, заказывал. Оператор: Мы отправили ваш заказ, но он не дошёл. Клиент: Почему? Оператор: Возможно, у вас возникли технические проблемы. Клиент: Что мне делать? Оператор: Просто дайте нам код из СМС, чтобы мы могли проверить ситуацию.",sms_code_request;trust_building,medium,synthetic_llm_generated,ru,text,"{'request_id': 'seed_009_gen_04', 'brief_id': 'seed_009'}"
seed_009_gen_05,suspicious,fake_delivery,"Курьер: Здравствуйте, у вас доставка, но адрес в заказе не полностью читается. Клиент: Я ничего сегодня не заказывал. Курьер: Возможно, подарок оформлен на ваш номер. Чтобы закрыть заявку, назовите код из СМС, который сейчас придёт. Клиент: А без этого нельзя? Курьер: Нет, иначе заказ останется в системе и курьер будет ждать оплату хранения.",sms_code_request;trust_building,medium,synthetic_llm_generated,ru,text,"{'request_id': 'seed_009_gen_05', 'brief_id': 'seed_009'}"
seed_009_gen_06,suspicious,fake_delivery,"Клиент: Мне пришло сообщение о доставке, но я ничего не оформлял. Оператор: Возможно, заказ сделали на ваш номер по ошибке. Клиент: Что теперь делать? Оператор: Сейчас вам придёт код из СМС, продиктуйте его, и я отменю доставку в системе. Клиент: Это точно нужно? Оператор: Да, иначе заказ автоматически перейдёт в выдачу и будет числиться за вами.",sms_code_request;trust_building,medium,synthetic_llm_generated,ru,text,"{'request_id': 'seed_009_gen_06', 'brief_id': 'seed_009'}"
seed_010_gen_01,suspicious,phone_number_extension,"Оператор: Здравствуйте, это служба поддержки вашего оператора. Ваш номер телефона продлевается. Клиент: Это не так. Оператор: Пожалуйста, подтвердите ваш номер, чтобы мы могли продолжить обслуживание.",urgency;sms_code_request,medium,synthetic_llm_generated,ru,text,"{'request_id': 'seed_010_gen_01', 'brief_id': 'seed_010'}"
seed_010_gen_02,suspicious,phone_number_extension,"Оператор: Здравствуйте, срок обслуживания вашего номера заканчивается сегодня. Клиент: Странно, раньше такого не было. Оператор: Сейчас это новая процедура, для продления продиктуйте код из СМС, который поступит вам в течение минуты. Клиент: А если я не продиктую? Оператор: Тогда номер может быть временно заблокирован.",urgency;sms_code_request,medium,synthetic_llm_generated,ru,text,"{'request_id': 'seed_010_gen_02', 'brief_id': 'seed_010'}"
seed_010_gen_03,suspicious,phone_number_extension,"Оператор: Здравствуйте, это служба поддержки вашего оператора. Ваш номер телефона продлевается автоматически. Хотели бы вы подтвердить это подтверждение?",urgency;sms_code_request,medium,synthetic_llm_generated,ru,text,"{'request_id': 'seed_010_gen_03', 'brief_id': 'seed_010'}"
seed_010_gen_04,suspicious,phone_number_extension,"Оператор: Здравствуйте, это служба поддержки вашего оператора. Ваш номер телефона продлевается. Клиент: Это не так, я ничего не заказывал. Оператор: Пожалуйста, подтвердите свой номер, набрав код из СМС, который мы вам отправили.",urgency;sms_code_request,medium,synthetic_llm_generated,ru,text,"{'request_id': 'seed_010_gen_04', 'brief_id': 'seed_010'}"
seed_010_gen_05,suspicious,phone_number_extension,"Оператор: Здравствуйте, это служба поддержки вашего оператора. Ваш номер телефона продлевается. Клиент: Почему? Оператор: Это стандартная процедура для поддержания работы вашего номера. Но если вы хотите прекратить этот процесс, вам нужно будет подтвердить свой номер, позвонив на указанный номер и следовать дальнейшим инструкциям.",urgency;sms_code_request,medium,synthetic_llm_generated,ru,text,"{'request_id': 'seed_010_gen_05', 'brief_id': 'seed_010'}"
seed_011_gen_01,suspicious,voting_link_phishing,"Оператор: Здравствуйте, у нас есть интересная информация для вас. Мы проводим опрос, и мы хотели бы узнать ваше мнение. Пожалуйста, перейдите по этой ссылке: [ссылка], чтобы принять участие.",phishing_link;urgency,easy,synthetic_llm_generated,ru,text,"{'request_id': 'seed_011_gen_01', 'brief_id': 'seed_011'}"
seed_011_gen_02,suspicious,voting_link_phishing,"Оператор: Здравствуйте, у нас есть интересная информация для вас. Мы проводим опрос, и мы хотели бы узнать ваше мнение. Пожалуйста, перейдите по этой ссылке: [ссылка]. Клиент: Это голосование? Оператор: Да, именно так. Вы можете проголосовать за один из предложенных вариантов. Клиент: Хорошо, спасибо.",phishing_link;urgency,easy,synthetic_llm_generated,ru,text,"{'request_id': 'seed_011_gen_02', 'brief_id': 'seed_011'}"
seed_011_gen_03,suspicious,voting_link_phishing,"Оператор: Здравствуйте, у нас есть интересная информация для вас. Мы проводим опрос, и мы хотели бы узнать ваше мнение. Пожалуйста, перейдите по этой ссылке: [ссылка]. Клиент: Это голосование? Оператор: Да, именно так. Ваши ответы помогут нам сделать опрос более полным.",phishing_link;urgency,easy,synthetic_llm_generated,ru,text,"{'request_id': 'seed_011_gen_03', 'brief_id': 'seed_011'}"
seed_011_gen_04,suspicious,voting_link_phishing,"Оператор: Здравствуйте, у нас есть интересная информация для вас. Мы проводим опрос, и мы хотели бы узнать ваше мнение. Пожалуйста, перейдите по этой ссылке: [ссылка]. Клиент: Это голосование? Оператор: Да, именно так. Вы можете быстро проголосовать и получить бонусы.",phishing_link;urgency,easy,synthetic_llm_generated,ru,text,"{'request_id': 'seed_011_gen_04', 'brief_id': 'seed_011'}"
seed_011_gen_05,suspicious,voting_link_phishing,"Сообщение: Привет, проголосуй, пожалуйста, за племянницу в детском конкурсе, нам не хватает совсем чуть-чуть. Клиент: Это точно ты отправила? Сообщение: Да, конечно, только поторопись, голосование закрывается через десять минут. Клиент: Пришли ссылку. Сообщение: Вот ссылка, там нужно просто быстро зайти и нажать кнопку.",phishing_link;urgency,easy,synthetic_llm_generated,ru,text,"{'request_id': 'seed_011_gen_05', 'brief_id': 'seed_011'}"
seed_012_gen_01,suspicious,marketplace_refund,"Администратор: Добрый день! Мы отправили вам письмо с инструкциями по возврату средств. Пожалуйста, следуйте этим шагам. Клиент: Я уже всё сделал, всё прошло успешно. Администратор: Хорошо, но убедитесь, что вы правильно ввели ссылку из письма. Клиент: Да, я проверил. Администратор: Отлично, тогда всё в порядке. Клиент: Спасибо за помощь!",phishing_link;card_data_request,medium,synthetic_llm_generated,ru,text,"{'request_id': 'seed_012_gen_01', 'brief_id': 'seed_012'}"
seed_012_gen_02,suspicious,marketplace_refund,"Администратор: Добрый день, у нас есть информация о том, что вы можете получить компенсацию за некачественный товар. Пожалуйста, заполните форму ниже для оформления возврата.",phishing_link;card_data_request,medium,synthetic_llm_generated,ru,text,"{'request_id': 'seed_012_gen_02', 'brief_id': 'seed_012'}"
seed_012_gen_03,suspicious,marketplace_refund,"Клиент: Здравствуйте, я хочу вернуть деньги за покупку. Оператор: Конечно, я отправлю вам ссылку на форму обратной связи. Клиент: Хорошо, но не могли бы вы подтвердить, что это действительно ваша покупка? Оператор: Да, конечно, просто заполните форму и отправьте её нам.",phishing_link;card_data_request,medium,synthetic_llm_generated,ru,text,"{'request_id': 'seed_012_gen_03', 'brief_id': 'seed_012'}"
seed_012_gen_04,suspicious,marketplace_refund,"Администратор: Добрый день! Мы видим, что вы хотите вернуть деньги за покупку на нашем магазине. Пожалуйста, отправьте нам ссылку на платеж, который вы хотите аннулировать.",phishing_link;card_data_request,medium,synthetic_llm_generated,ru,text,"{'request_id': 'seed_012_gen_04', 'brief_id': 'seed_012'}"
seed_013_gen_01,safe,family_logistics,"Папа: Во сколько ты сегодня вернёшься домой? Дочь: Думаю, к восьми, после тренировки. Папа: Хорошо, тогда ужинать будем вместе. Дочь: Отлично, если задержусь, я напишу.",,easy,synthetic_llm_generated,ru,text,"{'request_id': 'seed_013_gen_01', 'brief_id': 'seed_013'}"
seed_013_gen_02,safe,family_logistics,"Мама: Ты сегодня успеешь забрать сестру после кружка? Сын: Да, буду у школы к шести. Мама: Отлично, тогда я пока заеду в магазин. Сын: Хорошо, как заберу, сразу тебе напишу.",,easy,synthetic_llm_generated,ru,text,"{'request_id': 'seed_013_gen_02', 'brief_id': 'seed_013'}"
seed_013_gen_03,safe,family_logistics,"Сестра: Ты сможешь заехать к бабушке после работы? Брат: Да, заеду около семи и отвезу ей лекарства. Сестра: Спасибо, я тогда предупрежу её заранее. Брат: Хорошо, потом напишу, что всё передал.",,easy,synthetic_llm_generated,ru,text,"{'request_id': 'seed_013_gen_03', 'brief_id': 'seed_013'}"
seed_013_gen_04,safe,family_logistics,"Мама: Не забудь купить хлеб и молоко по дороге домой. Сын: Хорошо, зайду в магазин после пары. Мама: Если будут яйца, тоже возьми десяток. Сын: Понял, всё куплю и занесу домой к вечеру.",,easy,synthetic_llm_generated,ru,text,"{'request_id': 'seed_013_gen_04', 'brief_id': 'seed_013'}"
seed_013_gen_05,safe,family_logistics,"Жена: Во сколько завтра выезжаем к родителям? Муж: Давай в десять утра, чтобы к обеду уже быть у них. Жена: Хорошо, я тогда с вечера соберу вещи. Муж: Отлично, а я заправлю машину сегодня после работы.",,easy,synthetic_llm_generated,ru,text,"{'request_id': 'seed_013_gen_05', 'brief_id': 'seed_013'}"
seed_013_gen_06,safe,family_logistics,"Брат: Я уже приехал на вокзал, поезд будет через двадцать минут. Сестра: Отлично, я выхожу из дома и буду у первого вагона. Брат: Хорошо, если что изменится, сразу позвоню. Сестра: Договорились, до встречи.",,easy,synthetic_llm_generated,ru,text,"{'request_id': 'seed_013_gen_06', 'brief_id': 'seed_013'}"
seed_013_gen_07,safe,family_logistics,"Мама: Я задержусь на работе, сможешь покормить кота и полить цветы? Дочь: Да, конечно, я уже дома. Мама: Спасибо, корм в шкафу на кухне. Дочь: Хорошо, всё сделаю до твоего прихода.",,easy,synthetic_llm_generated,ru,text,"{'request_id': 'seed_013_gen_07', 'brief_id': 'seed_013'}"
seed_013_gen_08,safe,family_logistics,"Папа: Ты в воскресенье сможешь помочь перевезти вещи на дачу? Сын: Да, после обеда свободен. Папа: Тогда в два подъезжай к дому, погрузим всё в машину. Сын: Хорошо, возьму ещё пару коробок и скотч.",,easy,synthetic_llm_generated,ru,text,"{'request_id': 'seed_013_gen_08', 'brief_id': 'seed_013'}"
seed_014_gen_01,safe,doctor_appointment,"Администратор: Добрый день, это регистратура клиники. Можем записать вас на прием к врачу сегодня. Пожалуйста, укажите дату и время.",,easy,synthetic_llm_generated,ru,text,"{'request_id': 'seed_014_gen_01', 'brief_id': 'seed_014'}"
seed_014_gen_02,safe,doctor_appointment,"Администратор: Добрый день, это администратор клиники. Вы записаны на прием к врачу сегодня в 14:30. Клиент: Здравствуйте, я всё понял. Администратор: Спасибо за понимание. Если у вас возникнут вопросы, обращайтесь. Клиент: Да, спасибо.",,easy,synthetic_llm_generated,ru,text,"{'request_id': 'seed_014_gen_02', 'brief_id': 'seed_014'}"
seed_014_gen_03,safe,doctor_appointment,"Администратор: Здравствуйте, это администратор клиники. Вы записаны на прием к врачу сегодня в 14:00. Всё в порядке?",,easy,synthetic_llm_generated,ru,text,"{'request_id': 'seed_014_gen_03', 'brief_id': 'seed_014'}"
seed_014_gen_04,safe,doctor_appointment,"Администратор: Добрый день, это регистратура клиники. Вы записаны на прием к врачу сегодня в 14:30. Клиент: Здравствуйте, спасибо. Администратор: Без проблем. Если у вас возникнут вопросы, обращайтесь. Клиент: Спасибо.",,easy,synthetic_llm_generated,ru,text,"{'request_id': 'seed_014_gen_04', 'brief_id': 'seed_014'}"
seed_014_gen_05,safe,doctor_appointment,"Администратор: Добрый день, это администратор клиники. Вы записаны на прием к врачу сегодня в 14:30. Всего хорошего!",,easy,synthetic_llm_generated,ru,text,"{'request_id': 'seed_014_gen_05', 'brief_id': 'seed_014'}"
seed_014_gen_06,safe,doctor_appointment,"Администратор: Добрый день, это регистратура нашей клиники. Можем записать вас на прием к врачу сегодня. Клиент: Хорошо, скажите, когда и где мне нужно будет прийти? Администратор: Вы приходите в 14:00 в регистратуру. Клиент: Спасибо за информацию. Администратор: Пожалуйста, обращайтесь еще, если возникнут вопросы.",,easy,synthetic_llm_generated,ru,text,"{'request_id': 'seed_014_gen_06', 'brief_id': 'seed_014'}"
seed_014_gen_07,safe,doctor_appointment,"Администратор: Добрый день, это администратор клиники. Мы записали вас на прием к врачу сегодня в 14:30. Пожалуйста, придите вовремя. Врач: Спасибо за запись. Администратор: Будьте осторожны на улице, погода холодная. Врач: Да, спасибо. Администратор: Если у вас возникнут вопросы, обращайтесь к нам. Врач: Спасибо.",,easy,synthetic_llm_generated,ru,text,"{'request_id': 'seed_014_gen_07', 'brief_id': 'seed_014'}"
seed_015_gen_01,safe,bank_office_info,"Оператор: Добрый день! Я из отделения банка. Хотел бы узнать, когда можно будет забрать свои документы? Клиент: Да, конечно. Они были отправлены недавно. Оператор: Отлично, спасибо за информацию. Если у вас возникнут вопросы, обращайтесь. Клиент: Спасибо!",,easy,synthetic_llm_generated,ru,text,"{'request_id': 'seed_015_gen_01', 'brief_id': 'seed_015'}"
seed_015_gen_02,safe,bank_office_info,"Оператор: Добрый день, это служба поддержки банка. Хотели бы узнать график работы отделения вашего банка?",,easy,synthetic_llm_generated,ru,text,"{'request_id': 'seed_015_gen_02', 'brief_id': 'seed_015'}"
seed_015_gen_03,safe,bank_office_info,"Оператор: Добрый день! Я из отделения банка. Хотел бы уточнить информацию о графике работы. Клиент: Да, конечно. Какие у вас часы? Оператор: Мы работаем с понедельника по пятницу, с 9:00 до 18:00. Клиент: Спасибо за информацию. Оператор: Пожалуйста, обращайтесь еще. Клиент: Спасибо!",,easy,synthetic_llm_generated,ru,text,"{'request_id': 'seed_015_gen_03', 'brief_id': 'seed_015'}"
seed_015_gen_04,safe,bank_office_info,"Оператор: Добрый день! Это служба поддержки банка. Хотели бы узнать график работы отделения вашего банка? Клиент: Да, пожалуйста. Оператор: График работы таков: с понедельника по пятницу с 9:00 до 18:00. Клиент: Спасибо за информацию. Оператор: Рад был помочь. Если у вас возникнут еще вопросы, обращайтесь. Клиент: Спасибо!",,easy,synthetic_llm_generated,ru,text,"{'request_id': 'seed_015_gen_04', 'brief_id': 'seed_015'}"
seed_015_gen_05,safe,bank_office_info,"Оператор: Добрый день, я из службы поддержки банка. Хотел бы узнать, когда у вас будет выходной? Клиент: У нас завтра выходной. Оператор: Спасибо за информацию. Если у вас возникнут вопросы, всегда можно обратиться к нам.",,easy,synthetic_llm_generated,ru,text,"{'request_id': 'seed_015_gen_05', 'brief_id': 'seed_015'}"
seed_015_gen_06,safe,bank_office_info,"Оператор: Добрый день, это служба поддержки банка. Хотелось бы уточнить информацию о графике работы отделения вашего банка. Клиент: Да, конечно. Оператор: Отделение работает с понедельника по пятницу, с 9:00 до 18:00. Клиент: А где находится? Оператор: Оно расположено на улице Ленина, дом 34. Клиент: Спасибо за информацию. Оператор: Пожалуйста, обращайтесь, если возникнут вопросы. Клиент: Спасибо.",,easy,synthetic_llm_generated,ru,text,"{'request_id': 'seed_015_gen_06', 'brief_id': 'seed_015'}"
seed_015_gen_07,safe,bank_office_info,"Оператор: Добрый день! Я из отделения банка. Хотел бы узнать, когда можно будет забрать свои документы? Клиент: Да, конечно. Они были отправлены недавно. Оператор: Отлично, спасибо за информацию. Если у вас возникнут вопросы, обращайтесь. Клиент: Спасибо!",,easy,synthetic_llm_generated,ru,text,"{'request_id': 'seed_015_gen_07', 'brief_id': 'seed_015'}"
seed_016_gen_01,safe,it_support_internal,"Администратор поддержки: Здравствуйте, это служба поддержки компании. Как я могу вам помочь сегодня? Пользователь: Привет, у меня возникла проблема с программой. Администратор поддержки: Конечно, расскажите мне подробнее, пожалуйста. Пользователь: Программа зависает и не открывается. Администратор поддержки: Хорошо, давайте попробуем разобраться с этим. Пользователь: Спасибо.",,medium,synthetic_llm_generated,ru,text,"{'request_id': 'seed_016_gen_01', 'brief_id': 'seed_016'}"
seed_016_gen_02,safe,it_support_internal,"Администратор: Здравствуйте, это служба поддержки информационной системы. Как я могу вам помочь сегодня? Пользователь: Привет, у меня возникла проблема с программой. Администратор: Конечно, расскажите, пожалуйста, подробнее. Пользователь: Программа не запускается, постоянно выдает ошибку. Администратор: Хорошо, давайте попробуем решить эту проблему. Пользователь: Спасибо.",,medium,synthetic_llm_generated,ru,text,"{'request_id': 'seed_016_gen_02', 'brief_id': 'seed_016'}"
seed_016_gen_03,safe,it_support_internal,"Администратор: Здравствуйте, это служба поддержки информационной системы. Как я могу вам помочь сегодня? Пользователь: Привет, у меня возникла проблема с программой. Администратор: Конечно, расскажите подробнее, пожалуйста. Пользователь: Программа не запускается, она просто зависает. Администратор: Хорошо, давайте попробуем разобраться. Пользователь: Спасибо.",,medium,synthetic_llm_generated,ru,text,"{'request_id': 'seed_016_gen_03', 'brief_id': 'seed_016'}"
seed_016_gen_04,safe,it_support_internal,"Администратор: Здравствуйте, это служба поддержки информационной системы. Как я могу вам помочь сегодня? Пользователь: Привет, у меня возникла проблема с программой. Администратор: Конечно, расскажите, пожалуйста, подробнее. Пользователь: Программа не запускается, она выдает ошибку. Администратор: Хорошо, давайте попробуем разобраться с этим. Пользователь: Спасибо.",,medium,synthetic_llm_generated,ru,text,"{'request_id': 'seed_016_gen_04', 'brief_id': 'seed_016'}"
seed_016_gen_05,safe,it_support_internal,"Администратор: Здравствуйте, это служба поддержки информационной системы. Как я могу вам помочь сегодня? Пользователь: Привет, у меня возникла проблема с программой. Администратор: Конечно, расскажите подробнее, пожалуйста. Пользователь: Она постоянно зависает и не открывается. Администратор: Хорошо, давайте попробуем решить эту проблему. Пользователь: Спасибо.",,medium,synthetic_llm_generated,ru,text,"{'request_id': 'seed_016_gen_05', 'brief_id': 'seed_016'}"
seed_016_gen_06,safe,it_support_internal,"Администратор: Здравствуйте, это служба поддержки информационной системы. Как я могу вам помочь сегодня? Пользователь: Привет, у меня возникла проблема с программой. Администратор: Конечно, расскажите, пожалуйста, подробнее. Пользователь: Она не запускается и выдает ошибку. Администратор: Хорошо, я проверю это. Пользователь: Спасибо. Администратор: Уже ищу решение. Пользователь: Буду ждать. Администратор: Всё в порядке, проблема решена. Пользователь: Спасибо большое! Администратор: Рад был помочь. Пользователь: До свидания. Администратор: До свидания.",,medium,synthetic_llm_generated,ru,text,"{'request_id': 'seed_016_gen_06', 'brief_id': 'seed_016'}"
seed_016_gen_07,safe,it_support_internal,"Администратор поддержки: Здравствуйте, это IT поддержка. Как я могу вам помочь сегодня? Пользователь: Привет, у меня возникла проблема с программой. Администратор поддержки: Конечно, расскажите подробнее, пожалуйста. Пользователь: Программа не запускается, она выдает ошибку. Администратор поддержки: Хорошо, давайте попробуем решить эту проблему. Пользователь: Спасибо.",,medium,synthetic_llm_generated,ru,text,"{'request_id': 'seed_016_gen_07', 'brief_id': 'seed_016'}"
seed_016_gen_08,safe,it_support_internal,"Администратор поддержки: Здравствуйте, это IT-поддержка. Как я могу вам помочь сегодня? Пользователь: Привет, у меня возникла проблема с программой. Администратор поддержки: Конечно, расскажите подробнее, пожалуйста. Пользователь: Программа зависает и не открывается. Администратор поддержки: Хорошо, давайте попробуем разобраться. Пользователь: Спасибо.",,medium,synthetic_llm_generated,ru,text,"{'request_id': 'seed_016_gen_08', 'brief_id': 'seed_016'}"
