experiment,model,architecture,id,true_label,predicted_label,fraud_score,predicted_signals,explanation,scenario,latency_ms
experiment_03_external_benchmark,Qwen/Qwen2.5-14B-Instruct,single_llm,kaggle_safe_001,safe,suspicious,0.3,unexpected_call|free_service_offer|urgent_action_required,"Предложение бесплатной услуги от имени известной компании может быть легитимным, но требует дополнительной проверки.",utility_service_visit,13749.45
experiment_03_external_benchmark,Qwen/Qwen2.5-14B-Instruct,single_llm,kaggle_safe_002,safe,suspicious,0.3,unexpected_contact|automatic_service_request|offer_of_discount,Получено неожиданное сообщение от фармацевтической компании о продлении рецепта и предложении скидки.,pharmacy_refill,2530.307
experiment_03_external_benchmark,Qwen/Qwen2.5-14B-Instruct,single_llm,kaggle_safe_003,safe,safe,0.0,,Представительство известной клиники подтверждает запись на прием.,doctor_appointment,1494.431
experiment_03_external_benchmark,Qwen/Qwen2.5-14B-Instruct,single_llm,kaggle_safe_004,safe,safe,0.0,,сообщение соответствует стандартному уведомлению о доставке товара,order_delivery_update,1549.587
experiment_03_external_benchmark,Qwen/Qwen2.5-14B-Instruct,single_llm,kaggle_safe_005,safe,suspicious,0.3,unexpected_call|request_for_account_details|offer_of_service,"Позвонивший просит подтвердить информацию о счете и предлагает услугу, что может быть признаком попытки социальной инженерии.",bank_routine_security_check,2535.653
experiment_03_external_benchmark,Qwen/Qwen2.5-14B-Instruct,single_llm,kaggle_safe_006,safe,safe,0.0,,сообщение соответствует стандартному уведомлению о библиотечной книге,library_due_notice,1655.187
experiment_03_external_benchmark,Qwen/Qwen2.5-14B-Instruct,single_llm,kaggle_safe_007,safe,safe,0.0,,Обычное сообщение о плановом обслуживании автомобиля с предложением скидки.,auto_service_reminder,1687.856
experiment_03_external_benchmark,Qwen/Qwen2.5-14B-Instruct,single_llm,kaggle_safe_008,safe,safe,0.0,,сообщение содержит стандартную информацию о встрече без признаков мошенничества,school_meeting_reminder,1628.008
experiment_03_external_benchmark,Qwen/Qwen2.5-14B-Instruct,single_llm,kaggle_safe_009,safe,safe,0.0,,Письмо выглядит как стандартное уведомление авиакомпании.,airline_reservation_confirmation,1606.721
experiment_03_external_benchmark,Qwen/Qwen2.5-14B-Instruct,single_llm,kaggle_safe_010,safe,safe,0.0,,Письмо соответствует стандартному приглашению на собеседование без признаков мошенничества.,job_interview_invitation,1810.06
experiment_03_external_benchmark,Qwen/Qwen2.5-14B-Instruct,single_llm,kaggle_safe_011,safe,safe,0.0,,Письмо выглядит как стандартное напоминание о медицинском осмотре.,doctor_appointment,1671.147
experiment_03_external_benchmark,Qwen/Qwen2.5-14B-Instruct,single_llm,kaggle_safe_012,safe,suspicious,0.7,unsolicited_contact|tech_support_scam,Неопровержимый контакт от техподдержки без предварительного запроса пользователя.,tech_support_guidance,2032.604
experiment_03_external_benchmark,Qwen/Qwen2.5-14B-Instruct,single_llm,kaggle_safe_013,safe,safe,0.0,,Письмо выглядит как стандартное напоминание о ветеринарном осмотре и предложение новых услуг.,vet_checkup_reminder,1942.377
experiment_03_external_benchmark,Qwen/Qwen2.5-14B-Instruct,single_llm,kaggle_safe_014,safe,safe,0.0,,Обычное сообщение от службы доставки,courier_delivery_notice,1345.908
experiment_03_external_benchmark,Qwen/Qwen2.5-14B-Instruct,single_llm,kaggle_safe_015,safe,safe,0.0,,сообщение соответствует стандартному формату университетской корреспонденции,admissions_update,1555.318
experiment_03_external_benchmark,Qwen/Qwen2.5-14B-Instruct,single_llm,kaggle_safe_016,safe,suspicious,0.3,unsolicited_contact|time_sensitive_offer,"Позвонили из неизвестной компании, предлагая услугу, которую якобы ранее интересовало получатель сообщения.",travel_promo_followup,2203.535
experiment_03_external_benchmark,Qwen/Qwen2.5-14B-Instruct,single_llm,kaggle_safe_017,safe,safe,0.0,,Письмо выглядит как стандартное напоминание о встрече от фитнес-центра.,wellness_class_reminder,1764.09
experiment_03_external_benchmark,Qwen/Qwen2.5-14B-Instruct,single_llm,kaggle_safe_018,safe,safe,0.0,,Обращение выглядит как стандартное уведомление от страховой компании.,insurance_policy_renewal,1543.728
experiment_03_external_benchmark,Qwen/Qwen2.5-14B-Instruct,single_llm,kaggle_safe_019,safe,safe,0.0,,Письмо выглядит как стандартное уведомление от отдела кадров компании.,onboarding_session_reminder,1649.839
experiment_03_external_benchmark,Qwen/Qwen2.5-14B-Instruct,single_llm,kaggle_safe_020,safe,safe,0.0,,Обычное уведомление о готовности заказа.,preorder_pickup_notice,1418.416
experiment_03_external_benchmark,Qwen/Qwen2.5-14B-Instruct,single_llm,kaggle_safe_021,safe,safe,0.0,,сообщение содержит информацию о плановых технических работах без признаков мошенничества,internet_maintenance_notice,1732.592
experiment_03_external_benchmark,Qwen/Qwen2.5-14B-Instruct,single_llm,kaggle_safe_022,safe,safe,0.0,,Обращение выглядит как стандартное уведомление о предстоящем визите техника для обслуживания.,housing_maintenance_followup,1777.901
experiment_03_external_benchmark,Qwen/Qwen2.5-14B-Instruct,single_llm,kaggle_safe_023,safe,suspicious,0.3,unsolicited_support_contact|device_reboot_request,"Позвонил незнакомый человек из службы поддержки, предлагающий помощь в решении технических проблем.",technical_support_guidance,2335.203
experiment_03_external_benchmark,Qwen/Qwen2.5-14B-Instruct,single_llm,kaggle_safe_024,safe,suspicious,0.3,unsolicited_contact|free_upgrade_offer|home_service_delivery,Позвонил неизвестный представитель компании с предложением бесплатного обновления SIM-карты и возможностью доставки на дом.,mobile_service_upgrade,2488.265
experiment_03_external_benchmark,Qwen/Qwen2.5-14B-Instruct,single_llm,kaggle_safe_025,safe,safe,0.0,,Письмо содержит стандартную информацию о предстоящем мероприятии без признаков мошенничества.,webinar_reminder,1756.497
experiment_03_external_benchmark,Qwen/Qwen2.5-14B-Instruct,single_llm,kaggle_safe_026,safe,safe,0.0,,Предложение о возврате клиента к занятиям в фитнес-клубе без подозрительных элементов.,fitness_reactivation_offer,1912.969
experiment_03_external_benchmark,Qwen/Qwen2.5-14B-Instruct,single_llm,kaggle_safe_027,safe,suspicious,0.3,unverified_sender|request_for_payment,"Получено сообщение от неизвестного отправителя, который просит подтвердить платеж.",billing_invoice_notice,1937.688
experiment_03_external_benchmark,Qwen/Qwen2.5-14B-Instruct,single_llm,kaggle_safe_028,safe,safe,0.0,,Приглашение на мероприятие от официального представителя компании.,alumni_reunion_invite,1472.609
experiment_03_external_benchmark,Qwen/Qwen2.5-14B-Instruct,single_llm,kaggle_safe_029,safe,safe,0.0,,Письмо выглядит как стандартное приглашение к участию в опросе.,internal_training_feedback,1670.367
experiment_03_external_benchmark,Qwen/Qwen2.5-14B-Instruct,single_llm,kaggle_safe_030,safe,safe,0.0,,Письмо выглядит как стандартное подтверждение заказа.,event_catering_confirmation,1492.919
experiment_03_external_benchmark,Qwen/Qwen2.5-14B-Instruct,single_llm,kaggle_safe_031,safe,safe,0.0,,сообщение соответствует стандартному формату уведомления авиакомпании,airline_reservation_confirmation,1583.186
experiment_03_external_benchmark,Qwen/Qwen2.5-14B-Instruct,single_llm,kaggle_fraud_001,fraud,fraud,1.0,request_for_bank_details|fee_for_processing,Запрос на предоставление банковских реквизитов и уплата сбора за обработку выплаты являются типичными признаками мошенничества.,fake_grant_fee_scam,2450.692
experiment_03_external_benchmark,Qwen/Qwen2.5-14B-Instruct,single_llm,kaggle_fraud_002,fraud,fraud,1.0,request_for_financial_details|impersonation_of_charity,Запрос на предоставление данных банковской карты и имитация деятельности благотворительной организации.,fake_charity_donation,2120.463
experiment_03_external_benchmark,Qwen/Qwen2.5-14B-Instruct,single_llm,kaggle_fraud_003,fraud,fraud,1.0,request_for_financial_details|unexpected_prize,Запрос на предоставление данных банковской карты и получение неожиданного приза являются явными признаками мошенничества.,prize_scam,2340.213
experiment_03_external_benchmark,Qwen/Qwen2.5-14B-Instruct,single_llm,kaggle_fraud_004,fraud,fraud,1.0,request_for_credentials|technical_support_impersonation|remote_access_request,"Запрос на предоставление логина, пароля и данных банковской карты, а также заявление о необходимости удаленного доступа к компьютеру.",fake_support_app_install,2501.103
experiment_03_external_benchmark,Qwen/Qwen2.5-14B-Instruct,single_llm,kaggle_fraud_005,fraud,fraud,1.0,request_for_personal_info|impersonation_of_authority,Запрос на предоставление личных данных и имитация представителя правоохранительных органов.,fake_police_call,2160.818
experiment_03_external_benchmark,Qwen/Qwen2.5-14B-Instruct,single_llm,kaggle_fraud_006,fraud,suspicious,0.5,request_for_account_details|unexpected_call_from_service_provider,Звонок от имени провайдера с просьбой предоставить личную информацию и совершить платеж.,fake_service_upgrade_scam,2145.705
experiment_03_external_benchmark,Qwen/Qwen2.5-14B-Instruct,single_llm,kaggle_fraud_007,fraud,fraud,1.0,request_for_payment_details|unexpected_contact_from_service_provider|technical_issues_as_pretext,Запрос на предоставление данных карты или прямой платеж по телефону от лица энергокомпании.,utility_billing_scam,2375.23
experiment_03_external_benchmark,Qwen/Qwen2.5-14B-Instruct,single_llm,kaggle_fraud_008,fraud,fraud,1.0,unexpected_emergency|urgency_pressure|request_for_silence|specific_bank_details_request,"Сообщение содержит явные признаки мошенничества, такие как внезапная экстренная ситуация, давление на действия, требование сохранить тайну и запрос конкретных банковских данных.",relative_emergency,3089.23
experiment_03_external_benchmark,Qwen/Qwen2.5-14B-Instruct,single_llm,kaggle_fraud_009,fraud,fraud,1.0,request_for_payment|unsolicited_offer|urgent_action_required,"Запрос на оплату комиссии для выдачи кредита, неопровержимые признаки мошенничества.",fake_loan_application,2365.517
experiment_03_external_benchmark,Qwen/Qwen2.5-14B-Instruct,single_llm,kaggle_fraud_010,fraud,fraud,1.0,threat_of_legal_action|request_for_financial_information|unexpected_contact_from_authority_figure,"Угроза юридических действий, запрос данных карты и неожиданный контакт от лица представителя власти.",fake_tax_collection,2456.856
experiment_03_external_benchmark,Qwen/Qwen2.5-14B-Instruct,single_llm,kaggle_fraud_011,fraud,fraud,1.0,unexpected_financial_request|urgency|personal_tragedy_story|request_for_money_transfer,Пользователь просит о срочной финансовой помощи под предлогом личной беды и указывает банковский счет для перевода денег.,friend_emergency_scam,2682.124
experiment_03_external_benchmark,Qwen/Qwen2.5-14B-Instruct,single_llm,kaggle_fraud_012,fraud,fraud,1.0,unexpected_financial_request|urgency|personal_crisis|request_for_money_transfer|lack_of_context,Срочный запрос денег на лечение после аварии от лица бывшего знакомого.,friend_emergency_scam,2482.029
experiment_03_external_benchmark,Qwen/Qwen2.5-14B-Instruct,single_llm,kaggle_fraud_013,fraud,fraud,1.0,request_for_personal_information|threat_of_legal_consequences,Звонок от имени службы социального страхования с требованием предоставить личную информацию и угрозой юридических последствий.,ssn_impersonation,2460.834
experiment_03_external_benchmark,Qwen/Qwen2.5-14B-Instruct,single_llm,kaggle_fraud_014,fraud,fraud,1.0,request_for_financial_details|unsolicited_contact_about_guarantee_extension,Запрос на предоставление данных банковской карты и несанкционированное упоминание о продлении гарантии.,vehicle_warranty_scam,2370.561
experiment_03_external_benchmark,Qwen/Qwen2.5-14B-Instruct,single_llm,kaggle_fraud_015,fraud,fraud,1.0,request_for_bank_details|remote_access_request,Запрос на предоставление банковских реквизитов и удаленного доступа к компьютеру являются типичными признаками мошенничества.,fake_refund_remote_access,2309.53
experiment_03_external_benchmark,Qwen/Qwen2.5-14B-Instruct,single_llm,kaggle_fraud_016,fraud,fraud,1.0,urgency|request_for_silence|unexpected_emergency|specific_bank_account_request,Высокий уровень тревожных сигналов указывает на возможное мошенничество.,relative_emergency,2284.017
experiment_03_external_benchmark,Qwen/Qwen2.5-14B-Instruct,single_llm,kaggle_fraud_017,fraud,fraud,1.0,lottery_scam|request_for_payment|request_for_bank_details,"Текст содержит типичные признаки лотерейного мошенничества, требующего предоплаты или предоставления конфиденциальной информации.",lottery_fee_scam,2678.332
experiment_03_external_benchmark,Qwen/Qwen2.5-14B-Instruct,single_llm,kaggle_fraud_018,fraud,fraud,1.0,request_for_payment_details|threat_of_legal_action|unsolicited_demand_for_financial_information,Требование предоставить платежные данные и угроза судебных действий являются явными признаками мошенничества.,debt_collection_scam,2486.915
experiment_03_external_benchmark,Qwen/Qwen2.5-14B-Instruct,single_llm,kaggle_fraud_019,fraud,fraud,1.0,request_for_credentials|security_vulnerability_claim,"Запрос на предоставление логина, пароля и других личных данных под предлогом устранения уязвимости безопасности.",router_security_breach_scam,2307.576
experiment_03_external_benchmark,Qwen/Qwen2.5-14B-Instruct,single_llm,kaggle_fraud_020,fraud,fraud,1.0,request_for_financial_information|unsolicited_request_for_donation|provision_of_bank_account_details,Запрос на предоставление финансовой информации и предложение перевести деньги на указанный банковский счет.,fake_charity_donation,2385.387
experiment_03_external_benchmark,Qwen/Qwen2.5-14B-Instruct,single_llm,kaggle_fraud_021,fraud,fraud,1.0,request_for_personal_information|unsolicited_offer_of_services,Запрос на предоставление личной информации и предложение услуг без явного запроса от клиента.,benefits_update_scam,2066.134
experiment_03_external_benchmark,Qwen/Qwen2.5-14B-Instruct,single_llm,kaggle_fraud_022,fraud,fraud,1.0,request_for_payment|job_scam,Запрос на предоплату для подтверждения работы является типичным признаком мошенничества.,fake_job_fee_scam,2072.402
experiment_03_external_benchmark,Qwen/Qwen2.5-14B-Instruct,single_llm,kaggle_fraud_023,fraud,fraud,1.0,request_for_bank_details|government_impersonation|refund_scam,Запрос на предоставление банковских реквизитов под предлогом ошибки в системе и необходимости возврата средств.,fake_grant_refund_scam,2371.245
experiment_03_external_benchmark,Qwen/Qwen2.5-14B-Instruct,single_llm,kaggle_fraud_024,fraud,fraud,1.0,unexpected_prize|personal_info_request|urgency,Предложение о неожиданном выигрыше требующее предоставления личной информации.,prize_scam,2095.333
experiment_03_external_benchmark,Qwen/Qwen2.5-14B-Instruct,single_llm,kaggle_fraud_025,fraud,fraud,1.0,request_for_personal_information|impersonation_of_authority,Запрос на предоставление личных данных и имитация представителя компании для получения информации.,ssn_impersonation,2040.052
experiment_03_external_benchmark,Qwen/Qwen2.5-14B-Instruct,single_llm,kaggle_fraud_026,fraud,fraud,1.0,unexpected_grant|request_for_payment|official_tone,Попытка получения денег под предлогом государственного гранта,fake_grant_fee_scam,1945.662
experiment_03_external_benchmark,Qwen/Qwen2.5-14B-Instruct,single_llm,kaggle_fraud_027,fraud,fraud,1.0,request_for_private_information|impersonation_of_bank_employee,Запрос на предоставление личной информации и имитация сотрудника банка,bank_account_verification_scam,1973.532
experiment_03_external_benchmark,Qwen/Qwen2.5-14B-Instruct,single_llm,kaggle_fraud_028,fraud,fraud,1.0,unexpected_contact|request_for_payment|specific_bank_account,Попытка обмана через неожиданный контакт и запрос на оплату с указанием конкретного банковского счета.,software_license_scam,2387.662
experiment_03_external_benchmark,Qwen/Qwen2.5-14B-Instruct,single_llm,kaggle_fraud_029,fraud,fraud,1.0,request_for_payment|personal_info_request|prize_scam,Запрос на предоплату налогов и предоставление личной информации при выигрыше указывает на мошенничество.,prize_tax_scam,2339.488
experiment_03_external_benchmark,Qwen/Qwen2.5-14B-Instruct,single_llm,kaggle_fraud_030,fraud,fraud,1.0,unsolicited_opportunity|guaranteed_high_returns|request_for_personal_info,Предложение о быстром обогащении с гарантированными высокими доходами и запрос на личную информацию.,investment_scam,2438.227
experiment_03_external_benchmark,Qwen/Qwen2.5-14B-Instruct,llm_checklist,kaggle_safe_001,safe,suspicious,0.45,government_impersonation|urgency,"Компания выдает себя за государственную службу (Utilities), что может быть попыткой имитации официального источника. Также присутствует элемент давления по времени, предлагая установку на этой неделе.",utility_service_visit,3015.445
experiment_03_external_benchmark,Qwen/Qwen2.5-14B-Instruct,llm_checklist,kaggle_safe_002,safe,safe,0.0,,Диалог не содержит явных признаков мошенничества.,pharmacy_refill,1479.556
experiment_03_external_benchmark,Qwen/Qwen2.5-14B-Instruct,llm_checklist,kaggle_safe_003,safe,safe,0.0,,Обращение выглядит как стандартное подтверждение записи на прием в медицинской клинике без признаков мошенничества.,doctor_appointment,1965.947
experiment_03_external_benchmark,Qwen/Qwen2.5-14B-Instruct,llm_checklist,kaggle_safe_004,safe,safe,0.0,,"Диалог содержит информацию о доставке товара, нет признаков мошенничества.",order_delivery_update,1676.759
experiment_03_external_benchmark,Qwen/Qwen2.5-14B-Instruct,llm_checklist,kaggle_safe_005,safe,suspicious,0.45,bank_impersonation|trust_building,"Звонок от имени банка с предложением подключения уведомлений, что может быть использовано для социальной инженерии.",bank_routine_security_check,2401.2
experiment_03_external_benchmark,Qwen/Qwen2.5-14B-Instruct,llm_checklist,kaggle_safe_006,safe,safe,0.0,,Диалог не содержит сигналов мошенничества.,library_due_notice,1415.363
experiment_03_external_benchmark,Qwen/Qwen2.5-14B-Instruct,llm_checklist,kaggle_safe_007,safe,safe,0.0,,"Предложение о плановом обслуживании автомобиля с скидкой, не содержит сигналов мошенничества.",auto_service_reminder,1826.496
experiment_03_external_benchmark,Qwen/Qwen2.5-14B-Instruct,llm_checklist,kaggle_safe_008,safe,safe,0.0,,"Нет сигналов мошенничества, сообщение является информативным и не требует выполнения опасных действий.",school_meeting_reminder,1835.061
experiment_03_external_benchmark,Qwen/Qwen2.5-14B-Instruct,llm_checklist,kaggle_safe_009,safe,safe,0.0,,Диалог не содержит сигналов мошенничества.,airline_reservation_confirmation,1419.438
experiment_03_external_benchmark,Qwen/Qwen2.5-14B-Instruct,llm_checklist,kaggle_safe_010,safe,safe,0.0,,Диалог не содержит сигналов мошенничества.,job_interview_invitation,1406.17
experiment_03_external_benchmark,Qwen/Qwen2.5-14B-Instruct,llm_checklist,kaggle_safe_011,safe,safe,0.0,,Призыв к записи на прием к врачу не содержит сигналов мошенничества.,doctor_appointment,1624.777
experiment_03_external_benchmark,Qwen/Qwen2.5-14B-Instruct,llm_checklist,kaggle_safe_012,safe,safe,0.0,,Обращение выглядит как стандартное предложение технической поддержки без прямого запроса критически важной информации или опасных действий.,tech_support_guidance,2072.672
experiment_03_external_benchmark,Qwen/Qwen2.5-14B-Instruct,llm_checklist,kaggle_safe_013,safe,safe,0.0,,Нет сигналов мошенничества. Сообщение является информационным и не содержит просьбы о передаче конфиденциальной информации или выполнении опасных действий.,vet_checkup_reminder,2224.432
experiment_03_external_benchmark,Qwen/Qwen2.5-14B-Instruct,llm_checklist,kaggle_safe_014,safe,safe,0.0,,Диалог не содержит сигналов мошенничества.,courier_delivery_notice,1420.095
experiment_03_external_benchmark,Qwen/Qwen2.5-14B-Instruct,llm_checklist,kaggle_safe_015,safe,safe,0.0,,Нет признаков мошенничества или опасных действий.,admissions_update,1474.07
experiment_03_external_benchmark,Qwen/Qwen2.5-14B-Instruct,llm_checklist,kaggle_safe_016,safe,safe,0.0,,Нет явных признаков мошенничества или опасных действий.,travel_promo_followup,1527.019
experiment_03_external_benchmark,Qwen/Qwen2.5-14B-Instruct,llm_checklist,kaggle_safe_017,safe,safe,0.0,,Нет сигналов мошенничества. Сообщение является стандартным напоминанием о предстоящем занятии.,wellness_class_reminder,1881.574
experiment_03_external_benchmark,Qwen/Qwen2.5-14B-Instruct,llm_checklist,kaggle_safe_018,safe,safe,0.0,,Запрос на помощь с просмотром условий или добавлением зависимых лиц не содержит явных признаков мошенничества.,insurance_policy_renewal,1899.549
experiment_03_external_benchmark,Qwen/Qwen2.5-14B-Instruct,llm_checklist,kaggle_safe_019,safe,safe,0.0,,Нет сигналов мошенничества. Сообщение содержит стандартную информацию для HR отдела.,onboarding_session_reminder,1632.778
experiment_03_external_benchmark,Qwen/Qwen2.5-14B-Instruct,llm_checklist,kaggle_safe_020,safe,safe,0.0,,"Нет сигналов мошенничества, сообщение является обычным уведомлением о готовности заказа.",preorder_pickup_notice,1776.144
experiment_03_external_benchmark,Qwen/Qwen2.5-14B-Instruct,llm_checklist,kaggle_safe_021,safe,safe,0.0,,Информационное сообщение о технических работах без просьбы к пользователю совершить опасное действие.,internet_maintenance_notice,1867.264
experiment_03_external_benchmark,Qwen/Qwen2.5-14B-Instruct,llm_checklist,kaggle_safe_022,safe,safe,0.0,,Обращение выглядит как стандартное уведомление о предстоящем визите специалиста для обслуживания. Отсутствуют сигналы мошенничества.,housing_maintenance_followup,2230.241
experiment_03_external_benchmark,Qwen/Qwen2.5-14B-Instruct,llm_checklist,kaggle_safe_023,safe,safe,0.0,,Предложение помощи в решении технических проблем без просьбы предоставить конфиденциальную информацию или выполнить опасные действия.,technical_support_guidance,2019.779
experiment_03_external_benchmark,Qwen/Qwen2.5-14B-Instruct,llm_checklist,kaggle_safe_024,safe,suspicious,0.45,government_impersonation,"Контакт выдает себя за представителя мобильной сети, что может быть попыткой социальной инженерии.",mobile_service_upgrade,2107.884
experiment_03_external_benchmark,Qwen/Qwen2.5-14B-Instruct,llm_checklist,kaggle_safe_025,safe,safe,0.0,,Нет сигналов мошенничества. Сообщение является стандартным напоминанием о предстоящем мероприятии.,webinar_reminder,1867.724
experiment_03_external_benchmark,Qwen/Qwen2.5-14B-Instruct,llm_checklist,kaggle_safe_026,safe,safe,0.0,,Диалог не содержит сигналов мошенничества.,fitness_reactivation_offer,1433.323
experiment_03_external_benchmark,Qwen/Qwen2.5-14B-Instruct,llm_checklist,kaggle_safe_027,safe,suspicious,0.45,urgency,Присутствует давление по времени для оплаты счета.,billing_invoice_notice,1650.637
experiment_03_external_benchmark,Qwen/Qwen2.5-14B-Instruct,llm_checklist,kaggle_safe_028,safe,safe,0.0,,Диалог не содержит сигналов мошенничества.,alumni_reunion_invite,1418.104
experiment_03_external_benchmark,Qwen/Qwen2.5-14B-Instruct,llm_checklist,kaggle_safe_029,safe,suspicious,0.45,trust_building,"Обращение выглядит как попытка сбора информации под видом обратной связи, что может быть использовано для дальнейших манипуляций.",internal_training_feedback,2290.227
experiment_03_external_benchmark,Qwen/Qwen2.5-14B-Instruct,llm_checklist,kaggle_safe_030,safe,safe,0.0,,Диалог не содержит сигналов мошенничества.,event_catering_confirmation,1414.834
experiment_03_external_benchmark,Qwen/Qwen2.5-14B-Instruct,llm_checklist,kaggle_safe_031,safe,safe,0.0,,Диалог содержит стандартную информацию о бронировании авиарейса без признаков мошенничества.,airline_reservation_confirmation,1806.286
experiment_03_external_benchmark,Qwen/Qwen2.5-14B-Instruct,llm_checklist,kaggle_fraud_001,fraud,fraud,0.95,government_impersonation|card_data_request|loan_fraud,"Гражданину звонят, представляясь сотрудниками государственного органа, требуют предоставить банковские реквизиты и сбор за обработку выплаты.",fake_grant_fee_scam,2675.677
experiment_03_external_benchmark,Qwen/Qwen2.5-14B-Instruct,llm_checklist,kaggle_fraud_002,fraud,fraud,0.95,card_data_request|trust_building,Прямой запрос на предоставление данных банковской карты и использование доверительных методов для получения информации.,fake_charity_donation,2013.526
experiment_03_external_benchmark,Qwen/Qwen2.5-14B-Instruct,llm_checklist,kaggle_fraud_003,fraud,fraud,0.95,card_data_request|loan_fraud,"Запрос на предоставление данных банковской карты для верификации, что является типичным признаком мошенничества.",prize_scam,2189.984
experiment_03_external_benchmark,Qwen/Qwen2.5-14B-Instruct,llm_checklist,kaggle_fraud_004,fraud,fraud,0.95,remote_access_app|password_request|card_data_request,"Запрос на предоставление логина, пароля и данных банковской карты для удаленного доступа.",fake_support_app_install,2163.332
experiment_03_external_benchmark,Qwen/Qwen2.5-14B-Instruct,llm_checklist,kaggle_fraud_005,fraud,fraud,0.95,police_impersonation|card_data_request|secrecy,"Пользователю звонят от имени полиции и просят предоставить личные данные, связанные с банковским счетом.",fake_police_call,2508.802
experiment_03_external_benchmark,Qwen/Qwen2.5-14B-Instruct,llm_checklist,kaggle_fraud_006,fraud,suspicious,0.6,government_impersonation|card_data_request|loan_fraud,"Представление себя как представителя интернет-провайдера, запрос данных аккаунта и разового платежа.",fake_service_upgrade_scam,2297.854
experiment_03_external_benchmark,Qwen/Qwen2.5-14B-Instruct,llm_checklist,kaggle_fraud_007,fraud,fraud,0.95,government_impersonation|card_data_request|safe_account_transfer,Звонок от имени энергокомпании с требованием данных карты или прямого платежа.,utility_billing_scam,2315.67
experiment_03_external_benchmark,Qwen/Qwen2.5-14B-Instruct,llm_checklist,kaggle_fraud_008,fraud,fraud,0.95,urgency|secrecy|safe_account_transfer,"Присутствуют элементы социальной инженерии: срочность, требование сохранить разговор в тайне и перевод денег на указанный счет.",relative_emergency,2625.319
experiment_03_external_benchmark,Qwen/Qwen2.5-14B-Instruct,llm_checklist,kaggle_fraud_009,fraud,fraud,0.95,loan_fraud|card_data_request|safe_account_transfer,"Заявка на кредит, требование оплатить комиссию и предоставить реквизиты счета.",fake_loan_application,2201.579
experiment_03_external_benchmark,Qwen/Qwen2.5-14B-Instruct,llm_checklist,kaggle_fraud_010,fraud,fraud,0.95,government_impersonation|urgency|loan_fraud,"Имитация представителя государственного органа, давление по времени, требование оплаты через банковский перевод или предоставление данных карты.",fake_tax_collection,2441.523
experiment_03_external_benchmark,Qwen/Qwen2.5-14B-Instruct,llm_checklist,kaggle_fraud_011,fraud,fraud,0.95,urgency|safe_account_transfer,Высокая степень уверенности в мошенничестве из-за срочного требования перевести деньги на указанный счет.,friend_emergency_scam,2246.264
experiment_03_external_benchmark,Qwen/Qwen2.5-14B-Instruct,llm_checklist,kaggle_fraud_012,fraud,fraud,0.95,urgency|safe_account_transfer,Срочность перевода денег и указание безопасного счета являются явными признаками мошенничества.,friend_emergency_scam,2102.809
experiment_03_external_benchmark,Qwen/Qwen2.5-14B-Instruct,llm_checklist,kaggle_fraud_013,fraud,fraud,0.95,government_impersonation|secrecy,Имитация сотрудника государственного органа и просьба предоставить конфиденциальную информацию.,ssn_impersonation,2130.779
experiment_03_external_benchmark,Qwen/Qwen2.5-14B-Instruct,llm_checklist,kaggle_fraud_014,fraud,fraud,0.95,card_data_request|secrecy,"Требование данных банковской карты и сведения об автомобиле, а также скрытность в общении.",vehicle_warranty_scam,2134.461
experiment_03_external_benchmark,Qwen/Qwen2.5-14B-Instruct,llm_checklist,kaggle_fraud_015,fraud,fraud,0.95,card_data_request|remote_access_app,Запрос на предоставление банковских реквизитов и удаленный доступ к компьютеру указывает на вероятность мошенничества.,fake_refund_remote_access,2293.088
experiment_03_external_benchmark,Qwen/Qwen2.5-14B-Instruct,llm_checklist,kaggle_fraud_016,fraud,fraud,0.95,urgency|secrecy|safe_account_transfer,"Срочность, требование сохранить разговор в тайне и перевод средств на указанный счет являются явными признаками мошенничества.",relative_emergency,2502.677
experiment_03_external_benchmark,Qwen/Qwen2.5-14B-Instruct,llm_checklist,kaggle_fraud_017,fraud,fraud,0.95,loan_fraud|card_data_request,Присутствуют элементы ложного выигрыша и требование сообщить реквизиты банковского счета.,lottery_fee_scam,2165.835
experiment_03_external_benchmark,Qwen/Qwen2.5-14B-Instruct,llm_checklist,kaggle_fraud_018,fraud,fraud,0.95,government_impersonation|pressure|card_data_request|safe_account_transfer,"Агентство представилось как орган взыскания долгов, использовало давление по времени и требовало платежные данные для перевода на указанный счет.",debt_collection_scam,2737.29
experiment_03_external_benchmark,Qwen/Qwen2.5-14B-Instruct,llm_checklist,kaggle_fraud_019,fraud,fraud,0.95,government_impersonation|password_request,"Звонок от имени провайдера с требованием предоставить логин, пароль и личные данные.",router_security_breach_scam,2166.57
experiment_03_external_benchmark,Qwen/Qwen2.5-14B-Instruct,llm_checklist,kaggle_fraud_020,fraud,fraud,0.95,card_data_request|safe_account_transfer,Запрос на предоставление данных банковской карты и перевод денег на указанный счет.,fake_charity_donation,1976.577
experiment_03_external_benchmark,Qwen/Qwen2.5-14B-Instruct,llm_checklist,kaggle_fraud_021,fraud,suspicious,0.6,government_impersonation|secrecy,Попытка представиться компанией для сбора личных данных.,benefits_update_scam,1885.394
experiment_03_external_benchmark,Qwen/Qwen2.5-14B-Instruct,llm_checklist,kaggle_fraud_022,fraud,fraud,0.95,card_data_request|loan_fraud|safe_account_transfer,Запрос на предоставление платежных данных и перевод денег на указанный счет.,fake_job_fee_scam,2022.342
experiment_03_external_benchmark,Qwen/Qwen2.5-14B-Instruct,llm_checklist,kaggle_fraud_023,fraud,fraud,0.95,government_impersonation|card_data_request,Государственное агентство пытается получить реквизиты банковского счета пользователя.,fake_grant_refund_scam,2138.084
experiment_03_external_benchmark,Qwen/Qwen2.5-14B-Instruct,llm_checklist,kaggle_fraud_024,fraud,fraud,0.95,card_data_request|sms_code_request,Запрос на предоставление данных банковской карты и номера телефона для верификации указывает на потенциальное мошенничество.,prize_scam,2308.462
experiment_03_external_benchmark,Qwen/Qwen2.5-14B-Instruct,llm_checklist,kaggle_fraud_025,fraud,fraud,0.95,bank_impersonation|password_request|secrecy,"Контакт от имени компании с требованием предоставить личные данные для защиты аккаунта, что является типичным признаком мошенничества.",ssn_impersonation,2681.318
experiment_03_external_benchmark,Qwen/Qwen2.5-14B-Instruct,llm_checklist,kaggle_fraud_026,fraud,fraud,0.95,government_impersonation|loan_fraud|safe_account_transfer,"Гражданин подвергается попытке мошенничества, где его пытаются выдать за представителя государства, требуют перевести деньги на безопасный счет.",fake_grant_fee_scam,2788.821
experiment_03_external_benchmark,Qwen/Qwen2.5-14B-Instruct,llm_checklist,kaggle_fraud_027,fraud,fraud,0.95,bank_impersonation|password_request|card_data_request,"Вызов себя представителем банка, прямой запрос на предоставление чувствительных данных (PIN-код, пароль)",bank_account_verification_scam,2435.549
experiment_03_external_benchmark,Qwen/Qwen2.5-14B-Instruct,llm_checklist,kaggle_fraud_028,fraud,fraud,0.95,loan_fraud|safe_account_transfer,Требование перевести деньги на указанный счет для продления лицензии.,software_license_scam,1908.724
experiment_03_external_benchmark,Qwen/Qwen2.5-14B-Instruct,llm_checklist,kaggle_fraud_029,fraud,fraud,0.95,bank_impersonation|card_data_request|loan_fraud,"Выдача за организацию, требование банковских данных для оплаты, подозрительная схема получения приза.",prize_tax_scam,2449.279
experiment_03_external_benchmark,Qwen/Qwen2.5-14B-Instruct,llm_checklist,kaggle_fraud_030,fraud,fraud,0.95,loan_fraud|card_data_request|password_request,"Предложение быстрого обогащения через инвестиции, требование отправки банковских реквизитов и номера телефона.",investment_scam,2367.994
experiment_03_external_benchmark,Qwen/Qwen2.5-14B-Instruct,llm_self_check,kaggle_safe_001,safe,safe,0.0,,Предложение от компании с указанием услуги установки умного счетчика без запроса личной информации или денег.,utility_service_visit,1829.176
experiment_03_external_benchmark,Qwen/Qwen2.5-14B-Instruct,llm_self_check,kaggle_safe_002,safe,safe,0.0,,"Обращение от имени компании Pharmacy, без прямых призывов к передаче конфиденциальной информации или выполнению подозрительных действий.",pharmacy_refill,2153.258
experiment_03_external_benchmark,Qwen/Qwen2.5-14B-Instruct,llm_self_check,kaggle_safe_003,safe,safe,0.0,,Обращение от медицинской клиники без признаков мошенничества.,doctor_appointment,1562.211
experiment_03_external_benchmark,Qwen/Qwen2.5-14B-Instruct,llm_self_check,kaggle_safe_004,safe,safe,0.0,,"Письмо содержит информацию о заказе и указывает, как клиент может изменить условия доставки. Отсутствуют признаки мошенничества.",order_delivery_update,2088.692
experiment_03_external_benchmark,Qwen/Qwen2.5-14B-Instruct,llm_self_check,kaggle_safe_005,safe,safe,0.0,,"Обращение от имени банка, но без прямого давления или инструкций к действию. Предложение подключения уведомлений не требует предоставления чувствительной информации.",bank_routine_security_check,2293.522
experiment_03_external_benchmark,Qwen/Qwen2.5-14B-Instruct,llm_self_check,kaggle_safe_006,safe,safe,0.0,,"Письмо содержит информацию о библиотечных услугах и рекомендациях, без признаков мошенничества.",library_due_notice,1968.146
experiment_03_external_benchmark,Qwen/Qwen2.5-14B-Instruct,llm_self_check,kaggle_safe_007,safe,safe,0.0,,Обращение от компании с предложением услуги без просьб о передаче конфиденциальной информации или выполнении подозрительных действий.,auto_service_reminder,2108.287
experiment_03_external_benchmark,Qwen/Qwen2.5-14B-Instruct,llm_self_check,kaggle_safe_008,safe,safe,0.0,,Письмо содержит информацию о предстоящей встрече родителей с учителями и предлагает выбрать удобный слот через школьный портал или обратиться за помощью. Отсутствуют признаки мошенничества.,school_meeting_reminder,2487.031
experiment_03_external_benchmark,Qwen/Qwen2.5-14B-Instruct,llm_self_check,kaggle_safe_009,safe,safe,0.0,,Обращение от авиакомпании без запроса личной информации или выполнения опасных действий.,airline_reservation_confirmation,1711.977
experiment_03_external_benchmark,Qwen/Qwen2.5-14B-Instruct,llm_self_check,kaggle_safe_010,safe,safe,0.0,,Письмо содержит стандартную информацию о приглашении на собеседование без признаков мошенничества.,job_interview_invitation,1827.008
experiment_03_external_benchmark,Qwen/Qwen2.5-14B-Instruct,llm_self_check,kaggle_safe_011,safe,safe,0.0,,Обращение от компании Dental Care с предложением записи на плановую процедуру. Отсутствуют признаки мошенничества.,doctor_appointment,1989.908
experiment_03_external_benchmark,Qwen/Qwen2.5-14B-Instruct,llm_self_check,kaggle_safe_012,safe,suspicious,0.5,unsolicited_call|tech_support_scam,"Позвонил неизвестный, представляющийся службой поддержки компании, и предлагает помощь в установке обновления программного обеспечения.",tech_support_guidance,2347.417
experiment_03_external_benchmark,Qwen/Qwen2.5-14B-Instruct,llm_self_check,kaggle_safe_013,safe,safe,0.0,,Письмо от ветеринарной клиники с информацией о ежегодном осмотре и новых программах ухода за питомцами.,vet_checkup_reminder,2158.389
experiment_03_external_benchmark,Qwen/Qwen2.5-14B-Instruct,llm_self_check,kaggle_safe_014,safe,safe,0.0,,Обращение от службы доставки с информацией о времени доставки. Отсутствуют признаки мошенничества.,courier_delivery_notice,1920.978
experiment_03_external_benchmark,Qwen/Qwen2.5-14B-Instruct,llm_self_check,kaggle_safe_015,safe,safe,0.0,,Письмо представляет собой стандартное уведомление об этапе рассмотрения заявки на обучение. Отсутствуют признаки мошенничества.,admissions_update,2098.044
experiment_03_external_benchmark,Qwen/Qwen2.5-14B-Instruct,llm_self_check,kaggle_safe_016,safe,safe,0.0,,Обращение от имени компании по поводу ранее интересовавшего товара с предложением о спецпредложении. Отсутствуют признаки давления или прямых инструкций к действию.,travel_promo_followup,2491.348
experiment_03_external_benchmark,Qwen/Qwen2.5-14B-Instruct,llm_self_check,kaggle_safe_017,safe,safe,0.0,,"Обращение от фитнес центра с информацией о предстоящем занятии, без признаков мошенничества.",wellness_class_reminder,1974.851
experiment_03_external_benchmark,Qwen/Qwen2.5-14B-Instruct,llm_self_check,kaggle_safe_018,safe,safe,0.0,,Обращение от имени страховой компании с просьбой о помощи в просмотре условий или добавлении зависимых лиц не содержит признаков мошенничества.,insurance_policy_renewal,2094.073
experiment_03_external_benchmark,Qwen/Qwen2.5-14B-Instruct,llm_self_check,kaggle_safe_019,safe,safe,0.0,,Обращение от HR отдела компании с информацией о вводной сессии. Отсутствуют признаки мошенничества.,onboarding_session_reminder,1973.674
experiment_03_external_benchmark,Qwen/Qwen2.5-14B-Instruct,llm_self_check,kaggle_safe_020,safe,safe,0.0,,"Обращение от имени компании-продавца без просьбы предоставить конфиденциальную информацию или совершить действие, которое может повредить безопасности клиента.",preorder_pickup_notice,2121.771
experiment_03_external_benchmark,Qwen/Qwen2.5-14B-Instruct,llm_self_check,kaggle_safe_021,safe,safe,0.0,,Объявление о технических работах без просьб к действию или предоставлении данных.,internet_maintenance_notice,1711.907
experiment_03_external_benchmark,Qwen/Qwen2.5-14B-Instruct,llm_self_check,kaggle_safe_022,safe,safe,0.0,,"Обращение от имени компании с информацией о предстоящем визите специалиста без запроса личной информации или выполнения действий, указывающих на мошенничество.",housing_maintenance_followup,2322.717
experiment_03_external_benchmark,Qwen/Qwen2.5-14B-Instruct,llm_self_check,kaggle_safe_023,safe,safe,0.2,customer_service_request|device_reboot_instruction,Обращение от службы поддержки компании с предложением помощи по перезагрузке устройства.,technical_support_guidance,1942.645
experiment_03_external_benchmark,Qwen/Qwen2.5-14B-Instruct,llm_self_check,kaggle_safe_024,safe,safe,0.0,,"Обращение от мобильной сети с предложением обновления SIM-карты, что является обычной услугой.",mobile_service_upgrade,1782.873
experiment_03_external_benchmark,Qwen/Qwen2.5-14B-Instruct,llm_self_check,kaggle_safe_025,safe,safe,0.0,,Это сообщение является напоминанием о предварительно зарегистрированном вебинаре без признаков мошенничества.,webinar_reminder,1939.541
experiment_03_external_benchmark,Qwen/Qwen2.5-14B-Instruct,llm_self_check,kaggle_safe_026,safe,safe,0.0,,"Обращение от компании, связанное с предложением услуги по акции. Отсутствуют признаки мошенничества.",fitness_reactivation_offer,1880.109
experiment_03_external_benchmark,Qwen/Qwen2.5-14B-Instruct,llm_self_check,kaggle_safe_027,safe,safe,0.0,,Обращение выглядит как стандартное уведомление об оплате товара без признаков мошенничества.,billing_invoice_notice,1851.229
experiment_03_external_benchmark,Qwen/Qwen2.5-14B-Instruct,llm_self_check,kaggle_safe_028,safe,safe,0.0,,Обращение от организации Alumni Relations с приглашением на встречу выпускников без требований к выполнению опасных действий.,alumni_reunion_invite,1882.38
experiment_03_external_benchmark,Qwen/Qwen2.5-14B-Instruct,llm_self_check,kaggle_safe_029,safe,safe,0.0,,Письмо от имени HR-отдела компании с просьбой заполнить опрос. Отсутствуют признаки мошенничества.,internal_training_feedback,2037.176
experiment_03_external_benchmark,Qwen/Qwen2.5-14B-Instruct,llm_self_check,kaggle_safe_030,safe,safe,0.0,,Текст содержит информацию о подтверждении меню для мероприятия без признаков мошенничества.,event_catering_confirmation,1704.039
experiment_03_external_benchmark,Qwen/Qwen2.5-14B-Instruct,llm_self_check,kaggle_safe_031,safe,safe,0.0,,Письмо содержит информацию о подтвержденном бронировании и рекомендации по регистрации. Отсутствуют признаки мошенничества.,airline_reservation_confirmation,2048.705
experiment_03_external_benchmark,Qwen/Qwen2.5-14B-Instruct,llm_self_check,kaggle_fraud_001,fraud,fraud,1.0,request_for_bank_details|request_for_fee,Представление себя как представитель госоргана и требование предоставления банковских реквизитов и сбора за обработку выплаты указывает на возможное мошенничество.,fake_grant_fee_scam,2602.721
experiment_03_external_benchmark,Qwen/Qwen2.5-14B-Instruct,llm_self_check,kaggle_fraud_002,fraud,fraud,1.0,request_card_data|posing_as_charity,Звонок от якобы благотворительной организации с просьбой предоставить данные банковской карты.,fake_charity_donation,2135.874
experiment_03_external_benchmark,Qwen/Qwen2.5-14B-Instruct,llm_self_check,kaggle_fraud_003,fraud,fraud,1.0,request_for_bank_card_data|promise_of_reward,Требование предоставления данных банковской карты под предлогом верификации для получения приза указывает на возможное мошенничество.,prize_scam,2406.676
experiment_03_external_benchmark,Qwen/Qwen2.5-14B-Instruct,llm_self_check,kaggle_fraud_004,fraud,fraud,1.0,request_for_login_password|request_for_bank_card_data|technical_support_impersonation|remote_access_request,"Звонок от лица службы технической поддержки с требованием предоставить логин, пароль и данные банковской карты для удаленного доступа.",fake_support_app_install,3108.597
experiment_03_external_benchmark,Qwen/Qwen2.5-14B-Instruct,llm_self_check,kaggle_fraud_005,fraud,fraud,1.0,request_for_personal_info|impersonation_of_authority|pressure_to_provide_information,"Текст содержит притворство полицейского, требование предоставления личных данных и подозрительную активность, что указывает на мошенничество.",fake_police_call,2970.553
experiment_03_external_benchmark,Qwen/Qwen2.5-14B-Instruct,llm_self_check,kaggle_fraud_006,fraud,fraud,0.8,request_for_account_data|request_for_payment,"Представитель провайдера требует данные аккаунта и разовый платеж, что может указывать на мошенничество.",fake_service_upgrade_scam,2272.274
experiment_03_external_benchmark,Qwen/Qwen2.5-14B-Instruct,llm_self_check,kaggle_fraud_007,fraud,fraud,1.0,request_for_card_data|request_for_direct_payment,Звонок из энергокомпании с просьбой предоставить данные карты или произвести прямой платеж по телефону.,utility_billing_scam,2251.854
experiment_03_external_benchmark,Qwen/Qwen2.5-14B-Instruct,llm_self_check,kaggle_fraud_008,fraud,fraud,1.0,pressure_to_act|request_for_money_transfer|ask_to_keep_secret,"Пользователь подвергается давлению, просит немедленно перевести деньги и сохранить информацию в тайне.",relative_emergency,2346.507
experiment_03_external_benchmark,Qwen/Qwen2.5-14B-Instruct,llm_self_check,kaggle_fraud_009,fraud,fraud,1.0,request_for_payment|urgent_action_required|disguised_as_bank,"Позвонивший выдает себя за банк и требует оплаты комиссии для выдачи одобренного кредита, что является типичным признаком мошенничества.",fake_loan_application,2799.107
experiment_03_external_benchmark,Qwen/Qwen2.5-14B-Instruct,llm_self_check,kaggle_fraud_010,fraud,fraud,1.0,impersonation|urgency|request_for_payment,"Представление как организации, требование немедленной оплаты и запрос данных карты указывают на мошенничество.",fake_tax_collection,2282.103
experiment_03_external_benchmark,Qwen/Qwen2.5-14B-Instruct,llm_self_check,kaggle_fraud_011,fraud,fraud,0.85,urgency|personal_story|request_for_money|specific_account_number,"Пользователь просит о срочной передаче денег под предлогом личной беды, что может указывать на мошенничество.",friend_emergency_scam,2577.031
experiment_03_external_benchmark,Qwen/Qwen2.5-14B-Instruct,llm_self_check,kaggle_fraud_012,fraud,fraud,0.85,friend_in_need|urgency|request_for_money_transfer,"Пользователь сообщает о близком человеке в трудной ситуации и просит о срочной передаче денег, что может указывать на возможное мошенничество.",friend_emergency_scam,2605.089
experiment_03_external_benchmark,Qwen/Qwen2.5-14B-Instruct,llm_self_check,kaggle_fraud_013,fraud,fraud,1.0,impersonation_of_authoritative_body|request_for_personal_information,Звонок от лица службы социального страхования с требованием предоставить личную информацию.,ssn_impersonation,2157.225
experiment_03_external_benchmark,Qwen/Qwen2.5-14B-Instruct,llm_self_check,kaggle_fraud_014,fraud,fraud,0.85,request_for_card_data|pressure_to_act,"Звонок от лица, выдающего себя за компанию, связанную с продлением гарантии, с просьбой предоставить данные банковской карты.",vehicle_warranty_scam,2431.036
experiment_03_external_benchmark,Qwen/Qwen2.5-14B-Instruct,llm_self_check,kaggle_fraud_015,fraud,fraud,1.0,request_for_bank_details|request_for_remote_access|impersonation_of_company,"Текст содержит просьбу предоставить банковские реквизиты и удаленный доступ к компьютеру, что является типичными признаками мошенничества.",fake_refund_remote_access,2698.769
experiment_03_external_benchmark,Qwen/Qwen2.5-14B-Instruct,llm_self_check,kaggle_fraud_016,fraud,fraud,1.0,pressure_to_silence|request_for_money_transfer|urgency,"Пользователь просит о переводе денег под предлогом аварии и срочной необходимости лечения, при этом требует сохранить информацию в тайне.",relative_emergency,2582.534
experiment_03_external_benchmark,Qwen/Qwen2.5-14B-Instruct,llm_self_check,kaggle_fraud_017,fraud,fraud,1.0,request_for_payment|request_for_bank_details,Требование оплатить сбор или предоставить банковские реквизиты для получения выигрыша указывает на возможное мошенничество.,lottery_fee_scam,2296.529
experiment_03_external_benchmark,Qwen/Qwen2.5-14B-Instruct,llm_self_check,kaggle_fraud_018,fraud,fraud,1.0,request_payment_details|threat_legal_action|request_transfer_to_unverified_account,"Текст содержит прямые запросы к передаче платежных данных и угрозу судебных мер, что указывает на вероятное мошенничество.",debt_collection_scam,2672.648
experiment_03_external_benchmark,Qwen/Qwen2.5-14B-Instruct,llm_self_check,kaggle_fraud_019,fraud,fraud,1.0,request_for_credentials|impersonation_of_service_provider|urgency_pressure,Звонок от лица провайдера с требованием предоставить личные данные и обновить настройки.,router_security_breach_scam,2395.624
experiment_03_external_benchmark,Qwen/Qwen2.5-14B-Instruct,llm_self_check,kaggle_fraud_020,fraud,fraud,1.0,request_for_card_data|request_for_money_transfer,Звонок от имени благотворительной организации с просьбой подтвердить данные банковской карты или перевести деньги на указанный счет.,fake_charity_donation,2369.302
experiment_03_external_benchmark,Qwen/Qwen2.5-14B-Instruct,llm_self_check,kaggle_fraud_021,fraud,suspicious,0.5,request_for_personal_information|impersonation_of_company,"Текст содержит просьбу предоставить личные данные и выдается за компанию, что вызывает подозрение.",benefits_update_scam,2251.531
experiment_03_external_benchmark,Qwen/Qwen2.5-14B-Instruct,llm_self_check,kaggle_fraud_022,fraud,fraud,1.0,request_for_payment|payment_to_unverified_account,Требование предварительной оплаты для подтверждения работы и запрос на перевод денег на неизвестный банковский счет указывают на возможное мошенничество.,fake_job_fee_scam,2517.333
experiment_03_external_benchmark,Qwen/Qwen2.5-14B-Instruct,llm_self_check,kaggle_fraud_023,fraud,fraud,1.0,request_for_bank_details|claim_from_government_agency|pressure_to_return_money,Звонок от якобы государственного агентства с просьбой вернуть перечисленные средства требует предоставления банковских реквизитов.,fake_grant_refund_scam,2716.99
experiment_03_external_benchmark,Qwen/Qwen2.5-14B-Instruct,llm_self_check,kaggle_fraud_024,fraud,fraud,1.0,request_card_data|request_phone_number|prize_verification,Требование предоставления данных банковской карты и номера телефона для верификации при выигрыше считается мошеннической активностью.,prize_scam,2462.598
experiment_03_external_benchmark,Qwen/Qwen2.5-14B-Instruct,llm_self_check,kaggle_fraud_025,fraud,fraud,1.0,request_for_personal_info|impersonation_of_company,Попытка получить личные данные под видом компании.,ssn_impersonation,1834.881
experiment_03_external_benchmark,Qwen/Qwen2.5-14B-Instruct,llm_self_check,kaggle_fraud_026,fraud,fraud,1.0,request_for_payment|government_impersonation|urgency,Попытка имитации представителя государства с требованием перевести деньги.,fake_grant_fee_scam,2084.649
experiment_03_external_benchmark,Qwen/Qwen2.5-14B-Instruct,llm_self_check,kaggle_fraud_027,fraud,fraud,1.0,request_for_financial_info|impersonation_of_bank,"Звонок, в котором представитель требует предоставить номер банковского счета, PIN-код и пароль, что является типичным признаком мошенничества.",bank_account_verification_scam,2613.763
experiment_03_external_benchmark,Qwen/Qwen2.5-14B-Instruct,llm_self_check,kaggle_fraud_028,fraud,fraud,1.0,impersonation|payment_request|urgency,"Представление как легитимной компании, требование перевести деньги на указанный счет.",software_license_scam,2040.333
experiment_03_external_benchmark,Qwen/Qwen2.5-14B-Instruct,llm_self_check,kaggle_fraud_029,fraud,fraud,1.0,request_for_personal_info|request_for_payment_before_receiving_benefits,Требование предварительной оплаты налогов для получения приза указывает на возможное мошенничество.,prize_tax_scam,2247.538
experiment_03_external_benchmark,Qwen/Qwen2.5-14B-Instruct,llm_self_check,kaggle_fraud_030,fraud,fraud,1.0,request_for_financial_details|guaranteed_high_returns|urgency,"Текст содержит прямую просьбу отправить банковские реквизиты и номер телефона, что является типичным признаком мошенничества.",investment_scam,2631.441
experiment_03_external_benchmark,Qwen/Qwen2.5-14B-Instruct,llm_ensemble,kaggle_safe_001,safe,suspicious,0.5,unexpected_call|free_service_offer|home_visit_scheduling,"Два из трех экспертов отметили потенциальные признаки мошенничества, связанные с неожиданным звонком и предложением бесплатной услуги, требующей домашнего визита. Однако, нет явных признаков опасного действия, которое указывало бы на мошенничество безусловно.",utility_service_visit,3942.258
experiment_03_external_benchmark,Qwen/Qwen2.5-14B-Instruct,llm_ensemble,kaggle_safe_002,safe,safe,0.0,,Нет явных признаков мошенничества. Диалог похож на обычное взаимодействие с фармацевтической компанией.,pharmacy_refill,2164.836
experiment_03_external_benchmark,Qwen/Qwen2.5-14B-Instruct,llm_ensemble,kaggle_safe_003,safe,safe,0.0,,"Нет тревожных сигналов, связанных с мошенничеством. Диалог касается подтверждения медицинского приема и помощи с транспортом.",doctor_appointment,2253.19
experiment_03_external_benchmark,Qwen/Qwen2.5-14B-Instruct,llm_ensemble,kaggle_safe_004,safe,safe,0.0,,"Анализ диалога показал, что он соответствует стандартному сообщению о доставке товара. Нет упоминаний о кодах из СМС, паролях, установке приложений, переходах по ссылкам, переводах денег или других опасных действиях.",order_delivery_update,3010.483
experiment_03_external_benchmark,Qwen/Qwen2.5-14B-Instruct,llm_ensemble,kaggle_safe_005,safe,safe,0.0,,Три эксперта не выявили явных признаков мошенничества. Звонок соответствует стандартным процедурам проверки безопасности банка без запроса личной информации или выполнения опасных действий.,bank_routine_security_check,2580.086
experiment_03_external_benchmark,Qwen/Qwen2.5-14B-Instruct,llm_ensemble,kaggle_safe_006,safe,safe,0.0,,"Нет тревожных сигналов, связанных с мошенничеством. Диалог касается обычной деятельности библиотеки.",library_due_notice,2043.919
experiment_03_external_benchmark,Qwen/Qwen2.5-14B-Instruct,llm_ensemble,kaggle_safe_007,safe,safe,0.0,,Нет явных признаков мошенничества или опасного поведения в диалоге.,auto_service_reminder,1713.294
experiment_03_external_benchmark,Qwen/Qwen2.5-14B-Instruct,llm_ensemble,kaggle_safe_008,safe,safe,0.0,,Ни один из экспертов не обнаружил признаков мошенничества в сообщении.,school_meeting_reminder,1740.527
experiment_03_external_benchmark,Qwen/Qwen2.5-14B-Instruct,llm_ensemble,kaggle_safe_009,safe,safe,0.0,,Нет явных признаков мошенничества. Диалог выглядит как стандартное уведомление авиакомпании.,airline_reservation_confirmation,1958.027
experiment_03_external_benchmark,Qwen/Qwen2.5-14B-Instruct,llm_ensemble,kaggle_safe_010,safe,safe,0.0,,Ни один из экспертов не обнаружил признаков мошенничества в данном диалоге.,job_interview_invitation,1806.077
experiment_03_external_benchmark,Qwen/Qwen2.5-14B-Instruct,llm_ensemble,kaggle_safe_011,safe,safe,0.0,,"Нет тревожных сигналов, связанных с мошенничеством или финансовыми рисками.",doctor_appointment,1711.318
experiment_03_external_benchmark,Qwen/Qwen2.5-14B-Instruct,llm_ensemble,kaggle_safe_012,safe,suspicious,0.5,unsolicited_support_call|software_update_social_engineering,"Два из трех экспертов отметили потенциальные признаки социальной инженерии, связанные с предложением помощи по установке обновления программного обеспечения. Однако, нет явных признаков опасного действия, таких как запрос пароля или кода из СМС.",tech_support_guidance,3471.295
experiment_03_external_benchmark,Qwen/Qwen2.5-14B-Instruct,llm_ensemble,kaggle_safe_013,safe,safe,0.0,,Нет явных признаков мошенничества или опасного поведения в диалоге.,vet_checkup_reminder,1720.355
experiment_03_external_benchmark,Qwen/Qwen2.5-14B-Instruct,llm_ensemble,kaggle_safe_014,safe,safe,0.0,,"Нет тревожных сигналов, связанных с мошенничеством или финансовыми рисками.",courier_delivery_notice,1722.259
experiment_03_external_benchmark,Qwen/Qwen2.5-14B-Instruct,llm_ensemble,kaggle_safe_015,safe,safe,0.0,,Нет явных признаков мошенничества или опасных действий. Сообщение соответствует стандартным процедурам университета для взаимодействия с кандидатами.,admissions_update,2304.66
experiment_03_external_benchmark,Qwen/Qwen2.5-14B-Instruct,llm_ensemble,kaggle_safe_016,safe,safe,0.0,,Ни один из экспертов не обнаружил явных признаков мошенничества или опасных действий.,travel_promo_followup,1861.708
experiment_03_external_benchmark,Qwen/Qwen2.5-14B-Instruct,llm_ensemble,kaggle_safe_017,safe,safe,0.0,,Ни один из экспертов не обнаружил признаков мошенничества или опасных действий в данном сообщении.,wellness_class_reminder,1889.009
experiment_03_external_benchmark,Qwen/Qwen2.5-14B-Instruct,llm_ensemble,kaggle_safe_018,safe,safe,0.0,,Нет явных признаков мошенничества или опасных действий в диалоге.,insurance_policy_renewal,1680.057
experiment_03_external_benchmark,Qwen/Qwen2.5-14B-Instruct,llm_ensemble,kaggle_safe_019,safe,safe,0.0,,Ни один из экспертов не обнаружил признаков мошенничества. Сообщение соответствует стандартному формату корпоративного уведомления.,onboarding_session_reminder,2209.872
experiment_03_external_benchmark,Qwen/Qwen2.5-14B-Instruct,llm_ensemble,kaggle_safe_020,safe,safe,0.0,,Нет тревожных сигналов мошенничества в диалоге.,preorder_pickup_notice,1557.096
experiment_03_external_benchmark,Qwen/Qwen2.5-14B-Instruct,llm_ensemble,kaggle_safe_021,safe,safe,0.0,,Нет тревожных сигналов мошенничества в сообщении.,internet_maintenance_notice,1492.656
experiment_03_external_benchmark,Qwen/Qwen2.5-14B-Instruct,llm_ensemble,kaggle_safe_022,safe,safe,0.0,,Ни один из экспертов не обнаружил признаков мошенничества или опасных действий в данном диалоге.,housing_maintenance_followup,1955.859
experiment_03_external_benchmark,Qwen/Qwen2.5-14B-Instruct,llm_ensemble,kaggle_safe_023,safe,safe,0.0,,Нет явных признаков мошенничества или опасного поведения в диалоге.,technical_support_guidance,1718.024
experiment_03_external_benchmark,Qwen/Qwen2.5-14B-Instruct,llm_ensemble,kaggle_safe_024,safe,suspicious,0.5,unsolicited_call|offer_of_service,"Аналитик по социальной инженерии и практик по фроду отметили потенциальные признаки мошенничества в виде несанкционированного звонка и предложения услуги. Однако, скептический reviewer считает это ложной тревогой.",mobile_service_upgrade,3374.865
experiment_03_external_benchmark,Qwen/Qwen2.5-14B-Instruct,llm_ensemble,kaggle_safe_025,safe,safe,0.0,,Нет тревожных сигналов мошенничества в диалоге.,webinar_reminder,1606.702
experiment_03_external_benchmark,Qwen/Qwen2.5-14B-Instruct,llm_ensemble,kaggle_safe_026,safe,safe,0.0,,Нет явных признаков мошенничества или опасного поведения в диалоге.,fitness_reactivation_offer,1709.077
experiment_03_external_benchmark,Qwen/Qwen2.5-14B-Instruct,llm_ensemble,kaggle_safe_027,safe,safe,0.0,,Нет явных признаков мошенничества. Диалог выглядит как стандартное уведомление о счете.,billing_invoice_notice,1897.297
experiment_03_external_benchmark,Qwen/Qwen2.5-14B-Instruct,llm_ensemble,kaggle_safe_028,safe,safe,0.0,,"Нет тревожных сигналов, связанных с мошенничеством или финансовыми рисками.",alumni_reunion_invite,1695.146
experiment_03_external_benchmark,Qwen/Qwen2.5-14B-Instruct,llm_ensemble,kaggle_safe_029,safe,safe,0.0,,Ни один из экспертов не обнаружил явных признаков мошенничества или опасных действий в данном диалоге.,internal_training_feedback,2003.55
experiment_03_external_benchmark,Qwen/Qwen2.5-14B-Instruct,llm_ensemble,kaggle_safe_030,safe,safe,0.0,,"Нет тревожных сигналов, связанных с мошенничеством. Диалог касается только подтверждения меню для мероприятия.",event_catering_confirmation,2029.32
experiment_03_external_benchmark,Qwen/Qwen2.5-14B-Instruct,llm_ensemble,kaggle_safe_031,safe,safe,0.0,,"Нет тревожных сигналов, связанных с мошенничеством. Сообщение содержит стандартную информацию об авиабронировании без упоминания опасных действий.",airline_reservation_confirmation,2252.179
experiment_03_external_benchmark,Qwen/Qwen2.5-14B-Instruct,llm_ensemble,kaggle_fraud_001,fraud,fraud,1.0,request_for_bank_details|payment_request,Два эксперта выявили признаки мошенничества: запрос на предоставление банковских реквизитов и требование оплатить сбор за обработку выплаты.,fake_grant_fee_scam,2579.927
experiment_03_external_benchmark,Qwen/Qwen2.5-14B-Instruct,llm_ensemble,kaggle_fraud_002,fraud,fraud,1.0,request_for_bank_card_details|social_engineering,Два эксперта выявили признаки мошенничества: запрос данных банковской карты и использование социальной инженерии.,fake_charity_donation,2369.155
experiment_03_external_benchmark,Qwen/Qwen2.5-14B-Instruct,llm_ensemble,kaggle_fraud_003,fraud,fraud,1.0,request_for_bank_card_details|unsolicited_prize,"Два эксперта выделили мошеннические элементы, а третий согласился, что запрос данных банковской карты является явным признаком фродовой активности.",prize_scam,2674.765
experiment_03_external_benchmark,Qwen/Qwen2.5-14B-Instruct,llm_ensemble,kaggle_fraud_004,fraud,fraud,1.0,password_request|bank_card_data_request|remote_access_request,"Три эксперта согласны, что это мошенничество. Запросы на предоставление пароля, данных банковской карты и удаленного доступа являются явными признаками фрод.",fake_support_app_install,2763.089
experiment_03_external_benchmark,Qwen/Qwen2.5-14B-Instruct,llm_ensemble,kaggle_fraud_005,fraud,fraud,1.0,impersonation_police|request_for_personal_info|account_activity,"Два эксперта выявили признаки мошенничества, а третий согласился, что запрос персональных данных и реквизитов счета является явным признаком фродовой активности.",fake_police_call,3038.312
experiment_03_external_benchmark,Qwen/Qwen2.5-14B-Instruct,llm_ensemble,kaggle_fraud_006,fraud,fraud,1.0,request_for_account_data|request_for_payment,"Два мнения указывают на мошенничество, так как запрос данных аккаунта и платежа являются типичными признаками фродовой активности.",fake_service_upgrade_scam,2401.467
experiment_03_external_benchmark,Qwen/Qwen2.5-14B-Instruct,llm_ensemble,kaggle_fraud_007,fraud,fraud,1.0,request_for_card_data|direct_payment_over_phone,"Два эксперта выделили признаки мошенничества, запрос на предоставление данных карты и прямой платеж по телефону.",utility_billing_scam,2370.387
experiment_03_external_benchmark,Qwen/Qwen2.5-14B-Instruct,llm_ensemble,kaggle_fraud_008,fraud,fraud,1.0,urgent_request|ask_for_money|secretive_behavior|request_to_transfer_money,"Два эксперта выделили признаки мошенничества, а третий отметил явное опасное действие - запрос на перевод денег.",relative_emergency,2610.153
experiment_03_external_benchmark,Qwen/Qwen2.5-14B-Instruct,llm_ensemble,kaggle_fraud_009,fraud,fraud,1.0,request_for_payment|unsafe_account_details|unexpected_bank_call,"Два эксперта выявили признаки мошенничества, а третий согласился, что это фрод, так как диалог содержит явное опасное действие - требование перевести деньги на указанный счет.",fake_loan_application,3052.176
experiment_03_external_benchmark,Qwen/Qwen2.5-14B-Instruct,llm_ensemble,kaggle_fraud_010,fraud,fraud,1.0,threat_of_legal_consequences|request_for_card_details|request_for_bank_transfer,"Два эксперта выявили признаки мошенничества, а третий согласился, что это может быть фрод, так как присутствуют явные опасные действия: угроза юридических последствий и запрос данных карты/банковского перевода.",fake_tax_collection,3628.551
experiment_03_external_benchmark,Qwen/Qwen2.5-14B-Instruct,llm_ensemble,kaggle_fraud_011,fraud,fraud,1.0,emotional_appeal|urgency|request_for_money_transfer,"Два эксперта выделили признаки мошенничества, а третий отметил явную просьбу о переводе денег.",friend_emergency_scam,2503.478
experiment_03_external_benchmark,Qwen/Qwen2.5-14B-Instruct,llm_ensemble,kaggle_fraud_012,fraud,fraud,1.0,emergency_story|urgent_request|ask_for_money_transfer|specific_account_number,"Два эксперта выделили признаки мошенничества, а третий согласился с этим после анализа текста. В диалоге присутствует явная просьба о переводе денег на конкретный счет.",friend_emergency_scam,3296.36
experiment_03_external_benchmark,Qwen/Qwen2.5-14B-Instruct,llm_ensemble,kaggle_fraud_013,fraud,fraud,1.0,social_engineering|request_for_personal_info,"Два эксперта выявили признаки социальной инженерии и запроса персональных данных, что указывает на возможное мошенничество.",ssn_impersonation,2535.94
experiment_03_external_benchmark,Qwen/Qwen2.5-14B-Instruct,llm_ensemble,kaggle_fraud_014,fraud,fraud,1.0,request_for_card_data|offer_of_extended_warranty,Два эксперта выявили признаки мошенничества: запрос данных банковской карты и предложение продлить гарантию. Третий эксперт также согласился с наличием рисков.,vehicle_warranty_scam,2829.814
experiment_03_external_benchmark,Qwen/Qwen2.5-14B-Instruct,llm_ensemble,kaggle_fraud_015,fraud,fraud,1.0,request_for_bank_details|remote_access_to_computer,"Два эксперта выразили мнение о мошенничестве, так как запрос на предоставление банковских реквизитов и удаленный доступ к компьютеру являются типичными признаками фродовых сценариев.",fake_refund_remote_access,2931.59
experiment_03_external_benchmark,Qwen/Qwen2.5-14B-Instruct,llm_ensemble,kaggle_fraud_016,fraud,fraud,1.0,emergency_story|urgent_request|ask_for_money|request_private_transfer|specific_bank_account,"Два эксперта выделили признаки мошенничества, а третий согласился, что это может быть ложная тревога, но присутствуют явные опасные действия: срочный запрос на перевод средств и указание конкретного банковского счета.",relative_emergency,3702.94
experiment_03_external_benchmark,Qwen/Qwen2.5-14B-Instruct,llm_ensemble,kaggle_fraud_017,fraud,fraud,1.0,request_for_payment|request_for_bank_details|lottery_scam,"Два эксперта выделили признаки мошенничества, а третий указал на явное опасное действие - требование предоставления банковских реквизитов.",lottery_fee_scam,2766.339
experiment_03_external_benchmark,Qwen/Qwen2.5-14B-Instruct,llm_ensemble,kaggle_fraud_018,fraud,fraud,1.0,request_for_payment_details|threat_of_legal_action|request_for_bank_account_details|request_for_money_transfer,"Два эксперта выявили признаки мошенничества, а третий согласился, что это фрод, так как диалог содержит явные признаки опасного поведения: запрос на предоставление платежных данных и угроза судебных действий.",debt_collection_scam,3666.973
experiment_03_external_benchmark,Qwen/Qwen2.5-14B-Instruct,llm_ensemble,kaggle_fraud_019,fraud,fraud,1.0,request_for_credentials|network_security_claim|personal_data_request,"Два эксперта выделили признаки мошенничества, а третий согласился, что запрос на предоставление логина, пароля и других личных данных является явным признаком фродовой активности.",router_security_breach_scam,3029.7
experiment_03_external_benchmark,Qwen/Qwen2.5-14B-Instruct,llm_ensemble,kaggle_fraud_020,fraud,fraud,1.0,request_for_card_data|request_for_money_transfer|unsolicited_call,"Два эксперта выявили признаки мошенничества, а третий согласился, что запрос на передачу данных карты и перевод средств является явным признаком фродовой активности.",fake_charity_donation,2943.311
experiment_03_external_benchmark,Qwen/Qwen2.5-14B-Instruct,llm_ensemble,kaggle_fraud_021,fraud,suspicious,0.5,request_for_personal_information|unsolicited_call,"Два из трех экспертов отметили потенциальные риски, связанные с несанкционированным запросом личных данных и неожиданным звонком от компании. Однако, нет явных признаков опасного действия, таких как запрос пароля или кода из СМС.",benefits_update_scam,3497.852
experiment_03_external_benchmark,Qwen/Qwen2.5-14B-Instruct,llm_ensemble,kaggle_fraud_022,fraud,fraud,1.0,unexpected_job_offer|request_for_payment_before_service|payment_to_unverified_account,"Два эксперта выделили признаки мошенничества, а третий согласился, что это может быть фрод, так как требуют предоплату за работу.",fake_job_fee_scam,2851.702
experiment_03_external_benchmark,Qwen/Qwen2.5-14B-Instruct,llm_ensemble,kaggle_fraud_023,fraud,fraud,1.0,request_for_bank_details|false_claim_of_error,Два эксперта выделили признаки мошенничества: запрос на предоставление банковских реквизитов и ложное утверждение об ошибке в системе. Третий эксперт также согласился с наличием подозрительных элементов.,fake_grant_refund_scam,3213.534
experiment_03_external_benchmark,Qwen/Qwen2.5-14B-Instruct,llm_ensemble,kaggle_fraud_024,fraud,fraud,1.0,request_for_card_data|request_for_phone_number,"Два эксперта выделили мошеннические элементы (запрос данных карты и номера телефона), что указывает на вероятность фродовой операции.",prize_scam,2636.874
experiment_03_external_benchmark,Qwen/Qwen2.5-14B-Instruct,llm_ensemble,kaggle_fraud_025,fraud,fraud,1.0,request_for_personal_data|impersonation_of_company_employee,Два эксперта выявили признаки мошенничества: запрос на предоставление личных данных и имитация сотрудника компании. Третий эксперт также согласился с наличием рисков.,ssn_impersonation,2882.5
experiment_03_external_benchmark,Qwen/Qwen2.5-14B-Instruct,llm_ensemble,kaggle_fraud_026,fraud,fraud,1.0,unexpected_grant|request_for_payment|official_tone,"Два эксперта выявили признаки мошенничества, а третий согласился, что это ложная тревога, но присутствует явное опасное действие - требование перевести деньги на банковский счет.",fake_grant_fee_scam,3147.542
experiment_03_external_benchmark,Qwen/Qwen2.5-14B-Instruct,llm_ensemble,kaggle_fraud_027,fraud,fraud,1.0,request_for_account_details|request_for_pin_code|request_for_password,"Три эксперта согласны, что запрос критически важной информации (номер счета, PIN-код, пароль) указывает на мошенничество.",bank_account_verification_scam,2656.42
experiment_03_external_benchmark,Qwen/Qwen2.5-14B-Instruct,llm_ensemble,kaggle_fraud_028,fraud,fraud,1.0,payment_request|account_information_disclosure,"Два эксперта выявили признаки мошенничества, связанные с требованием перевести деньги на указанный банковский счет для продления лицензии.",software_license_scam,2607.555
experiment_03_external_benchmark,Qwen/Qwen2.5-14B-Instruct,llm_ensemble,kaggle_fraud_029,fraud,fraud,1.0,request_for_personal_info|tax_payment_before_prize_release|ask_for_bank_details,"Два эксперта выделили признаки мошенничества, а третий указал на явное опасное действие - запрос персональных данных и банковских реквизитов для предоплаты налогов перед получением приза.",prize_tax_scam,3288.189
experiment_03_external_benchmark,Qwen/Qwen2.5-14B-Instruct,llm_ensemble,kaggle_fraud_030,fraud,fraud,1.0,request_for_financial_details|promise_of_high_returns|urgency_to_invest,"Два эксперта выявили признаки мошенничества, а третий согласился, что запрос на отправку банковских данных и номера телефона является явным признаком риска.",investment_scam,3004.19
